ApplicationID:ID,Name,:LABEL
1,xFind Operations,Application
2,xDatamatica,Application
3,xIWR,Application
4,xDUECES,Application
5,xEnrollment,Application
6,xVADUR,Application
7,xAccount Decon,Application
8,xAnnuity PRS,Application
9,xGenesus,Application
10,xPOIS,Application
11,xData River,Application
12,xSetThat,Application
13,xBIT7,Application
14,xPeopleHardFinance,Application
15,xSales MNS,Application
16,xIPOS,Application
17,xLMoon,Application
18,xEPickup Web Services,Application
19,xBowNus,Application
20,xGARDor,Application
21,xTICC Analytics Platform,Application
22,xDGS - DFS,Application
23,xMailThat,Application
24,xEmployeeDetriments,Application
25,xClaimDisadVantage,Application
26,xXXO,Application
27,xYourVaya,Application
28,x1086 UnPro,Application
29,xxFind Operations,Application
30,xxDatamatica,Application
31,xxIWR,Application
32,xxDUECES,Application
33,xxEnrollment,Application
34,xxVADUR,Application
35,xxAccount Decon,Application
36,xxAnnuity PRS,Application
37,xxGenesus,Application
38,xxPOIS,Application
39,xxData River,Application
40,xxSetThat,Application
41,xxBIT7,Application
42,xxPeopleHardFinance,Application
43,xxSales MNS,Application
44,xxIPOS,Application
45,xxLMoon,Application
46,xxEPickup Web Services,Application
47,xxBowNus,Application
48,xxGARDor,Application
49,xxTICC Analytics Platform,Application
50,xxDGS - DFS,Application
51,xxMailThat,Application
52,xxEmployeeDetriments,Application
53,xxClaimDisadVantage,Application
54,xxXXO,Application
55,xxYourVaya,Application
56,xx1086 UnPro,Application
57,yFind Operations,Application
58,yDatamatica,Application
59,yIWR,Application
60,yDUECES,Application
61,yEnrollment,Application
62,yVADUR,Application
63,yAccount Decon,Application
64,yAnnuity PRS,Application
65,yGenesus,Application
66,yPOIS,Application
67,yData River,Application
68,ySetThat,Application
69,yBIT7,Application
70,yPeopleHardFinance,Application
71,ySales MNS,Application
72,yIPOS,Application
73,yLMoon,Application
74,yEPickup Web Services,Application
75,yBowNus,Application
76,yGARDor,Application
77,yTICC Analytics Platform,Application
78,yDGS - DFS,Application
79,yMailThat,Application
80,yEmployeeDetriments,Application
81,yClaimDisadVantage,Application
82,yXXO,Application
83,yYourVaya,Application
84,y1086 UnPro,Application
85,xyFind Operations,Application
86,xyDatamatica,Application
87,xyIWR,Application
88,xyDUECES,Application
89,xyEnrollment,Application
90,xyVADUR,Application
91,xyAccount Decon,Application
92,xyAnnuity PRS,Application
93,xyGenesus,Application
94,xyPOIS,Application
95,xyData River,Application
96,xySetThat,Application
97,xyBIT7,Application
98,xyPeopleHardFinance,Application
99,xySales MNS,Application
100,xyIPOS,Application
101,xyLMoon,Application
102,xyEPickup Web Services,Application
103,xyBowNus,Application
104,xyGARDor,Application
105,xyTICC Analytics Platform,Application
106,xyDGS - DFS,Application
107,xyMailThat,Application
108,xyEmployeeDetriments,Application
109,xyClaimDisadVantage,Application
110,xyXXO,Application
111,xyYourVaya,Application
112,xy1086 UnPro,Application
113,aFind Operations,Application
114,aDatamatica,Application
115,aIWR,Application
116,aDUECES,Application
117,aEnrollment,Application
118,aVADUR,Application
119,aAccount Decon,Application
120,aAnnuity PRS,Application
121,aGenesus,Application
122,aPOIS,Application
123,aData River,Application
124,aSetThat,Application
125,aBIT7,Application
126,aPeopleHardFinance,Application
127,aSales MNS,Application
128,aIPOS,Application
129,aLMoon,Application
130,aEPickup Web Services,Application
131,aBowNus,Application
132,aGARDor,Application
133,aTICC Analytics Platform,Application
134,aDGS - DFS,Application
135,aMailThat,Application
136,aEmployeeDetriments,Application
137,aClaimDisadVantage,Application
138,aXXO,Application
139,aYourVaya,Application
140,a1086 UnPro,Application
141,bFind Operations,Application
142,bDatamatica,Application
143,bIWR,Application
144,bDUECES,Application
145,bEnrollment,Application
146,bVADUR,Application
147,bAccount Decon,Application
148,bAnnuity PRS,Application
149,bGenesus,Application
150,bPOIS,Application
151,bData River,Application
152,bSetThat,Application
153,bBIT7,Application
154,bPeopleHardFinance,Application
155,bSales MNS,Application
156,bIPOS,Application
157,bLMoon,Application
158,bEPickup Web Services,Application
159,bBowNus,Application
160,bGARDor,Application
161,bTICC Analytics Platform,Application
162,bDGS - DFS,Application
163,bMailThat,Application
164,bEmployeeDetriments,Application
165,bClaimDisadVantage,Application
166,bXXO,Application
167,bYourVaya,Application
168,b1086 UnPro,Application
169,cFind Operations,Application
170,cDatamatica,Application
171,cIWR,Application
172,cDUECES,Application
173,cEnrollment,Application
174,cVADUR,Application
175,cAccount Decon,Application
176,cAnnuity PRS,Application
177,cGenesus,Application
178,cPOIS,Application
179,cData River,Application
180,cSetThat,Application
181,cBIT7,Application
182,cPeopleHardFinance,Application
183,cSales MNS,Application
184,cIPOS,Application
185,cLMoon,Application
186,cEPickup Web Services,Application
187,cBowNus,Application
188,cGARDor,Application
189,cTICC Analytics Platform,Application
190,cDGS - DFS,Application
191,cMailThat,Application
192,cEmployeeDetriments,Application
193,cClaimDisadVantage,Application
194,cXXO,Application
195,cYourVaya,Application
196,c1086 UnPro,Application
197,dFind Operations,Application
198,dDatamatica,Application
199,dIWR,Application
200,dDUECES,Application
201,dEnrollment,Application
202,dVADUR,Application
203,dAccount Decon,Application
204,dAnnuity PRS,Application
205,dGenesus,Application
206,dPOIS,Application
207,dData River,Application
208,dSetThat,Application
209,dBIT7,Application
210,dPeopleHardFinance,Application
211,dSales MNS,Application
212,dIPOS,Application
213,dLMoon,Application
214,dEPickup Web Services,Application
215,dBowNus,Application
216,dGARDor,Application
217,dTICC Analytics Platform,Application
218,dDGS - DFS,Application
219,dMailThat,Application
220,dEmployeeDetriments,Application
221,dClaimDisadVantage,Application
222,dXXO,Application
223,dYourVaya,Application
224,d1086 UnPro,Application
225,eFind Operations,Application
226,eDatamatica,Application
227,eIWR,Application
228,eDUECES,Application
229,eEnrollment,Application
230,eVADUR,Application
231,eAccount Decon,Application
232,eAnnuity PRS,Application
233,eGenesus,Application
234,ePOIS,Application
235,eData River,Application
236,eSetThat,Application
237,eBIT7,Application
238,ePeopleHardFinance,Application
239,eSales MNS,Application
240,eIPOS,Application
241,eLMoon,Application
242,eEPickup Web Services,Application
243,eBowNus,Application
244,eGARDor,Application
245,eTICC Analytics Platform,Application
246,eDGS - DFS,Application
247,eMailThat,Application
248,eEmployeeDetriments,Application
249,eClaimDisadVantage,Application
250,eXXO,Application
251,eYourVaya,Application
252,e1086 UnPro,Application
253,fFind Operations,Application
254,fDatamatica,Application
255,fIWR,Application
256,fDUECES,Application
257,fEnrollment,Application
258,fVADUR,Application
259,fAccount Decon,Application
260,fAnnuity PRS,Application
261,fGenesus,Application
262,fPOIS,Application
263,fData River,Application
264,fSetThat,Application
265,fBIT7,Application
266,fPeopleHardFinance,Application
267,fSales MNS,Application
268,fIPOS,Application
269,fLMoon,Application
270,fEPickup Web Services,Application
271,fBowNus,Application
272,fGARDor,Application
273,fTICC Analytics Platform,Application
274,fDGS - DFS,Application
275,fMailThat,Application
276,fEmployeeDetriments,Application
277,fClaimDisadVantage,Application
278,fXXO,Application
279,fYourVaya,Application
280,f1086 UnPro,Application
281,gFind Operations,Application
282,gDatamatica,Application
283,gIWR,Application
284,gDUECES,Application
285,gEnrollment,Application
286,gVADUR,Application
287,gAccount Decon,Application
288,gAnnuity PRS,Application
289,gGenesus,Application
290,gPOIS,Application
291,gData River,Application
292,gSetThat,Application
293,gBIT7,Application
294,gPeopleHardFinance,Application
295,gSales MNS,Application
296,gIPOS,Application
297,gLMoon,Application
298,gEPickup Web Services,Application
299,gBowNus,Application
300,gGARDor,Application
301,gTICC Analytics Platform,Application
302,gDGS - DFS,Application
303,gMailThat,Application
304,gEmployeeDetriments,Application
305,gClaimDisadVantage,Application
306,gXXO,Application
307,gYourVaya,Application
308,g1086 UnPro,Application
309,hFind Operations,Application
310,hDatamatica,Application
311,hIWR,Application
312,hDUECES,Application
313,hEnrollment,Application
314,hVADUR,Application
315,hAccount Decon,Application
316,hAnnuity PRS,Application
317,hGenesus,Application
318,hPOIS,Application
319,hData River,Application
320,hSetThat,Application
321,hBIT7,Application
322,hPeopleHardFinance,Application
323,hSales MNS,Application
324,hIPOS,Application
325,hLMoon,Application
326,hEPickup Web Services,Application
327,hBowNus,Application
328,hGARDor,Application
329,hTICC Analytics Platform,Application
330,hDGS - DFS,Application
331,hMailThat,Application
332,hEmployeeDetriments,Application
333,hClaimDisadVantage,Application
334,hXXO,Application
335,hYourVaya,Application
336,h1086 UnPro,Application
337,iFind Operations,Application
338,iDatamatica,Application
339,iIWR,Application
340,iDUECES,Application
341,iEnrollment,Application
342,iVADUR,Application
343,iAccount Decon,Application
344,iAnnuity PRS,Application
345,iGenesus,Application
346,iPOIS,Application
347,iData River,Application
348,iSetThat,Application
349,iBIT7,Application
350,iPeopleHardFinance,Application
351,iSales MNS,Application
352,iIPOS,Application
353,iLMoon,Application
354,iEPickup Web Services,Application
355,iBowNus,Application
356,iGARDor,Application
357,iTICC Analytics Platform,Application
358,iDGS - DFS,Application
359,iMailThat,Application
360,iEmployeeDetriments,Application
361,iClaimDisadVantage,Application
362,iXXO,Application
363,iYourVaya,Application
364,i1086 UnPro,Application
365,jFind Operations,Application
366,jDatamatica,Application
367,jIWR,Application
368,jDUECES,Application
369,jEnrollment,Application
370,jVADUR,Application
371,jAccount Decon,Application
372,jAnnuity PRS,Application
373,jGenesus,Application
374,jPOIS,Application
375,jData River,Application
376,jSetThat,Application
377,jBIT7,Application
378,jPeopleHardFinance,Application
379,jSales MNS,Application
380,jIPOS,Application
381,jLMoon,Application
382,jEPickup Web Services,Application
383,jBowNus,Application
384,jGARDor,Application
385,jTICC Analytics Platform,Application
386,jDGS - DFS,Application
387,jMailThat,Application
388,jEmployeeDetriments,Application
389,jClaimDisadVantage,Application
390,jXXO,Application
391,jYourVaya,Application
392,j1086 UnPro,Application
393,kFind Operations,Application
394,kDatamatica,Application
395,kIWR,Application
396,kDUECES,Application
397,kEnrollment,Application
398,kVADUR,Application
399,kAccount Decon,Application
400,kAnnuity PRS,Application
401,kGenesus,Application
402,kPOIS,Application
403,kData River,Application
404,kSetThat,Application
405,kBIT7,Application
406,kPeopleHardFinance,Application
407,kSales MNS,Application
408,kIPOS,Application
409,kLMoon,Application
410,kEPickup Web Services,Application
411,kBowNus,Application
412,kGARDor,Application
413,kTICC Analytics Platform,Application
414,kDGS - DFS,Application
415,kMailThat,Application
416,kEmployeeDetriments,Application
417,kClaimDisadVantage,Application
418,kXXO,Application
419,kYourVaya,Application
420,k1086 UnPro,Application
421,lFind Operations,Application
422,lDatamatica,Application
423,lIWR,Application
424,lDUECES,Application
425,lEnrollment,Application
426,lVADUR,Application
427,lAccount Decon,Application
428,lAnnuity PRS,Application
429,lGenesus,Application
430,lPOIS,Application
431,lData River,Application
432,lSetThat,Application
433,lBIT7,Application
434,lPeopleHardFinance,Application
435,lSales MNS,Application
436,lIPOS,Application
437,lLMoon,Application
438,lEPickup Web Services,Application
439,lBowNus,Application
440,lGARDor,Application
441,lTICC Analytics Platform,Application
442,lDGS - DFS,Application
443,lMailThat,Application
444,lEmployeeDetriments,Application
445,lClaimDisadVantage,Application
446,lXXO,Application
447,lYourVaya,Application
448,l1086 UnPro,Application
449,mFind Operations,Application
450,mDatamatica,Application
451,mIWR,Application
452,mDUECES,Application
453,mEnrollment,Application
454,mVADUR,Application
455,mAccount Decon,Application
456,mAnnuity PRS,Application
457,mGenesus,Application
458,mPOIS,Application
459,mData River,Application
460,mSetThat,Application
461,mBIT7,Application
462,mPeopleHardFinance,Application
463,mSales MNS,Application
464,mIPOS,Application
465,mLMoon,Application
466,mEPickup Web Services,Application
467,mBowNus,Application
468,mGARDor,Application
469,mTICC Analytics Platform,Application
470,mDGS - DFS,Application
471,mMailThat,Application
472,mEmployeeDetriments,Application
473,mClaimDisadVantage,Application
474,mXXO,Application
475,mYourVaya,Application
476,m1086 UnPro,Application
477,nFind Operations,Application
478,nDatamatica,Application
479,nIWR,Application
480,nDUECES,Application
481,nEnrollment,Application
482,nVADUR,Application
483,nAccount Decon,Application
484,nAnnuity PRS,Application
485,nGenesus,Application
486,nPOIS,Application
487,nData River,Application
488,nSetThat,Application
489,nBIT7,Application
490,nPeopleHardFinance,Application
491,nSales MNS,Application
492,nIPOS,Application
493,nLMoon,Application
494,nEPickup Web Services,Application
495,nBowNus,Application
496,nGARDor,Application
497,nTICC Analytics Platform,Application
498,nDGS - DFS,Application
499,nMailThat,Application
500,nEmployeeDetriments,Application
501,nClaimDisadVantage,Application
502,nXXO,Application
503,nYourVaya,Application
504,n1086 UnPro,Application
505,oFind Operations,Application
506,oDatamatica,Application
507,oIWR,Application
508,oDUECES,Application
509,oEnrollment,Application
510,oVADUR,Application
511,oAccount Decon,Application
512,oAnnuity PRS,Application
513,oGenesus,Application
514,oPOIS,Application
515,oData River,Application
516,oSetThat,Application
517,oBIT7,Application
518,oPeopleHardFinance,Application
519,oSales MNS,Application
520,oIPOS,Application
521,oLMoon,Application
522,oEPickup Web Services,Application
523,oBowNus,Application
524,oGARDor,Application
525,oTICC Analytics Platform,Application
526,oDGS - DFS,Application
527,oMailThat,Application
528,oEmployeeDetriments,Application
529,oClaimDisadVantage,Application
530,oXXO,Application
531,oYourVaya,Application
532,o1086 UnPro,Application
533,pFind Operations,Application
534,pDatamatica,Application
535,pIWR,Application
536,pDUECES,Application
537,pEnrollment,Application
538,pVADUR,Application
539,pAccount Decon,Application
540,pAnnuity PRS,Application
541,pGenesus,Application
542,pPOIS,Application
543,pData River,Application
544,pSetThat,Application
545,pBIT7,Application
546,pPeopleHardFinance,Application
547,pSales MNS,Application
548,pIPOS,Application
549,pLMoon,Application
550,pEPickup Web Services,Application
551,pBowNus,Application
552,pGARDor,Application
553,pTICC Analytics Platform,Application
554,pDGS - DFS,Application
555,pMailThat,Application
556,pEmployeeDetriments,Application
557,pClaimDisadVantage,Application
558,pXXO,Application
559,pYourVaya,Application
560,p1086 UnPro,Application
561,qFind Operations,Application
562,qDatamatica,Application
563,qIWR,Application
564,qDUECES,Application
565,qEnrollment,Application
566,qVADUR,Application
567,qAccount Decon,Application
568,qAnnuity PRS,Application
569,qGenesus,Application
570,qPOIS,Application
571,qData River,Application
572,qSetThat,Application
573,qBIT7,Application
574,qPeopleHardFinance,Application
575,qSales MNS,Application
576,qIPOS,Application
577,qLMoon,Application
578,qEPickup Web Services,Application
579,qBowNus,Application
580,qGARDor,Application
581,qTICC Analytics Platform,Application
582,qDGS - DFS,Application
583,qMailThat,Application
584,qEmployeeDetriments,Application
585,qClaimDisadVantage,Application
586,qXXO,Application
587,qYourVaya,Application
588,q1086 UnPro,Application
589,rFind Operations,Application
590,rDatamatica,Application
591,rIWR,Application
592,rDUECES,Application
593,rEnrollment,Application
594,rVADUR,Application
595,rAccount Decon,Application
596,rAnnuity PRS,Application
597,rGenesus,Application
598,rPOIS,Application
599,rData River,Application
600,rSetThat,Application
601,rBIT7,Application
602,rPeopleHardFinance,Application
603,rSales MNS,Application
604,rIPOS,Application
605,rLMoon,Application
606,rEPickup Web Services,Application
607,rBowNus,Application
608,rGARDor,Application
609,rTICC Analytics Platform,Application
610,rDGS - DFS,Application
611,rMailThat,Application
612,rEmployeeDetriments,Application
613,rClaimDisadVantage,Application
614,rXXO,Application
615,rYourVaya,Application
616,r1086 UnPro,Application
617,sFind Operations,Application
618,sDatamatica,Application
619,sIWR,Application
620,sDUECES,Application
621,sEnrollment,Application
622,sVADUR,Application
623,sAccount Decon,Application
624,sAnnuity PRS,Application
625,sGenesus,Application
626,sPOIS,Application
627,sData River,Application
628,sSetThat,Application
629,sBIT7,Application
630,sPeopleHardFinance,Application
631,sSales MNS,Application
632,sIPOS,Application
633,sLMoon,Application
634,sEPickup Web Services,Application
635,sBowNus,Application
636,sGARDor,Application
637,sTICC Analytics Platform,Application
638,sDGS - DFS,Application
639,sMailThat,Application
640,sEmployeeDetriments,Application
641,sClaimDisadVantage,Application
642,sXXO,Application
643,sYourVaya,Application
644,s1086 UnPro,Application
