DatabaseID:ID,Name,:LABEL
10001,pxfind operations,Oracle
10002,axfind operations,Oracle
10003,ixfind operations,Oracle
10004,dxfind operations,Oracle
10005,pxdatamatica,SQL Server
10006,axdatamatica,SQL Server
10007,ixdatamatica,SQL Server
10008,dxdatamatica,SQL Server
10009,pxiwr,Hive
10010,axiwr,Hive
10011,ixiwr,Hive
10012,dxiwr,Hive
10013,pxdueces,DB2
10014,axdueces,DB2
10015,ixdueces,DB2
10016,dxdueces,DB2
10017,pxenrollment,Sybase
10018,axenrollment,Sybase
10019,ixenrollment,Sybase
10020,dxenrollment,Sybase
10021,pxvadur,Oracle
10022,axvadur,Oracle
10023,ixvadur,Oracle
10024,dxvadur,Oracle
10025,pxaccount decon,SQL Server
10026,axaccount decon,SQL Server
10027,ixaccount decon,SQL Server
10028,dxaccount decon,SQL Server
10029,pxannuity prs,Hive
10030,axannuity prs,Hive
10031,ixannuity prs,Hive
10032,dxannuity prs,Hive
10033,pxgenesus,DB2
10034,axgenesus,DB2
10035,ixgenesus,DB2
10036,dxgenesus,DB2
10037,pxpois,Sybase
10038,axpois,Sybase
10039,ixpois,Sybase
10040,dxpois,Sybase
10041,pxdata river,Oracle
10042,axdata river,Oracle
10043,ixdata river,Oracle
10044,dxdata river,Oracle
10045,pxsetthat,SQL Server
10046,axsetthat,SQL Server
10047,ixsetthat,SQL Server
10048,dxsetthat,SQL Server
10049,pxbit7,Hive
10050,axbit7,Hive
10051,ixbit7,Hive
10052,dxbit7,Hive
10053,pxpeoplehardfinance,DB2
10054,axpeoplehardfinance,DB2
10055,ixpeoplehardfinance,DB2
10056,dxpeoplehardfinance,DB2
10057,pxsales mns,Sybase
10058,axsales mns,Sybase
10059,ixsales mns,Sybase
10060,dxsales mns,Sybase
10061,pxipos,Oracle
10062,axipos,Oracle
10063,ixipos,Oracle
10064,dxipos,Oracle
10065,pxlmoon,SQL Server
10066,axlmoon,SQL Server
10067,ixlmoon,SQL Server
10068,dxlmoon,SQL Server
10069,pxepickup web services,Hive
10070,axepickup web services,Hive
10071,ixepickup web services,Hive
10072,dxepickup web services,Hive
10073,pxbownus,DB2
10074,axbownus,DB2
10075,ixbownus,DB2
10076,dxbownus,DB2
10077,pxgardor,Sybase
10078,axgardor,Sybase
10079,ixgardor,Sybase
10080,dxgardor,Sybase
10081,pxticc analytics platform,Oracle
10082,axticc analytics platform,Oracle
10083,ixticc analytics platform,Oracle
10084,dxticc analytics platform,Oracle
10085,pxdgs - dfs,SQL Server
10086,axdgs - dfs,SQL Server
10087,ixdgs - dfs,SQL Server
10088,dxdgs - dfs,SQL Server
10089,pxmailthat,Hive
10090,axmailthat,Hive
10091,ixmailthat,Hive
10092,dxmailthat,Hive
10093,pxemployeedetriments,DB2
10094,axemployeedetriments,DB2
10095,ixemployeedetriments,DB2
10096,dxemployeedetriments,DB2
10097,pxclaimdisadvantage,Sybase
10098,axclaimdisadvantage,Sybase
10099,ixclaimdisadvantage,Sybase
10100,dxclaimdisadvantage,Sybase
10101,pxxxo,Oracle
10102,axxxo,Oracle
10103,ixxxo,Oracle
10104,dxxxo,Oracle
10105,pxyourvaya,SQL Server
10106,axyourvaya,SQL Server
10107,ixyourvaya,SQL Server
10108,dxyourvaya,SQL Server
10109,px1086 unpro,Hive
10110,ax1086 unpro,Hive
10111,ix1086 unpro,Hive
10112,dx1086 unpro,Hive
10113,pxxfind operations,DB2
10114,axxfind operations,DB2
10115,ixxfind operations,DB2
10116,dxxfind operations,DB2
10117,pxxdatamatica,Sybase
10118,axxdatamatica,Sybase
10119,ixxdatamatica,Sybase
10120,dxxdatamatica,Sybase
10121,pxxiwr,Oracle
10122,axxiwr,Oracle
10123,ixxiwr,Oracle
10124,dxxiwr,Oracle
10125,pxxdueces,SQL Server
10126,axxdueces,SQL Server
10127,ixxdueces,SQL Server
10128,dxxdueces,SQL Server
10129,pxxenrollment,Hive
10130,axxenrollment,Hive
10131,ixxenrollment,Hive
10132,dxxenrollment,Hive
10133,pxxvadur,DB2
10134,axxvadur,DB2
10135,ixxvadur,DB2
10136,dxxvadur,DB2
10137,pxxaccount decon,Sybase
10138,axxaccount decon,Sybase
10139,ixxaccount decon,Sybase
10140,dxxaccount decon,Sybase
10141,pxxannuity prs,Oracle
10142,axxannuity prs,Oracle
10143,ixxannuity prs,Oracle
10144,dxxannuity prs,Oracle
10145,pxxgenesus,SQL Server
10146,axxgenesus,Oracle
10147,ixxgenesus,Oracle
10148,dxxgenesus,Oracle
10149,pxxpois,Oracle
10150,axxpois,SQL Server
10151,ixxpois,SQL Server
10152,dxxpois,SQL Server
10153,pxxdata river,SQL Server
10154,axxdata river,Hive
10155,ixxdata river,Hive
10156,dxxdata river,Hive
10157,pxxsetthat,Hive
10158,axxsetthat,DB2
10159,ixxsetthat,DB2
10160,dxxsetthat,DB2
10161,pxxbit7,DB2
10162,axxbit7,Sybase
10163,ixxbit7,Sybase
10164,dxxbit7,Sybase
10165,pxxpeoplehardfinance,Sybase
10166,axxpeoplehardfinance,Oracle
10167,ixxpeoplehardfinance,Oracle
10168,dxxpeoplehardfinance,Oracle
10169,pxxsales mns,Oracle
10170,axxsales mns,SQL Server
10171,ixxsales mns,SQL Server
10172,dxxsales mns,SQL Server
10173,pxxipos,SQL Server
10174,axxipos,Hive
10175,ixxipos,Hive
10176,dxxipos,Hive
10177,pxxlmoon,Hive
10178,axxlmoon,DB2
10179,ixxlmoon,DB2
10180,dxxlmoon,DB2
10181,pxxepickup web services,DB2
10182,axxepickup web services,Sybase
10183,ixxepickup web services,Sybase
10184,dxxepickup web services,Sybase
10185,pxxbownus,Sybase
10186,axxbownus,Oracle
10187,ixxbownus,Oracle
10188,dxxbownus,Oracle
10189,pxxgardor,Oracle
10190,axxgardor,SQL Server
10191,ixxgardor,SQL Server
10192,dxxgardor,SQL Server
10193,pxxticc analytics platform,SQL Server
10194,axxticc analytics platform,Hive
10195,ixxticc analytics platform,Hive
10196,dxxticc analytics platform,Hive
10197,pxxdgs - dfs,Hive
10198,axxdgs - dfs,DB2
10199,ixxdgs - dfs,DB2
10200,dxxdgs - dfs,DB2
10201,pxxmailthat,DB2
10202,axxmailthat,Sybase
10203,ixxmailthat,Sybase
10204,dxxmailthat,Sybase
10205,pxxemployeedetriments,Sybase
10206,axxemployeedetriments,Oracle
10207,ixxemployeedetriments,Oracle
10208,dxxemployeedetriments,Oracle
10209,pxxclaimdisadvantage,Oracle
10210,axxclaimdisadvantage,SQL Server
10211,ixxclaimdisadvantage,SQL Server
10212,dxxclaimdisadvantage,SQL Server
10213,pxxxxo,SQL Server
10214,axxxxo,Hive
10215,ixxxxo,Oracle
10216,dxxxxo,Oracle
10217,pxxyourvaya,Oracle
10218,axxyourvaya,Oracle
10219,ixxyourvaya,SQL Server
10220,dxxyourvaya,SQL Server
10221,pxx1086 unpro,SQL Server
10222,axx1086 unpro,SQL Server
10223,ixx1086 unpro,Hive
10224,dxx1086 unpro,Hive
10225,pyfind operations,Hive
10226,ayfind operations,Hive
10227,iyfind operations,DB2
10228,dyfind operations,DB2
10229,pydatamatica,DB2
10230,aydatamatica,DB2
10231,iydatamatica,Sybase
10232,dydatamatica,Sybase
10233,pyiwr,Sybase
10234,ayiwr,Sybase
10235,iyiwr,Oracle
10236,dyiwr,Oracle
10237,pydueces,Oracle
10238,aydueces,Oracle
10239,iydueces,SQL Server
10240,dydueces,SQL Server
10241,pyenrollment,SQL Server
10242,ayenrollment,SQL Server
10243,iyenrollment,Hive
10244,dyenrollment,Hive
10245,pyvadur,Hive
10246,ayvadur,Hive
10247,iyvadur,DB2
10248,dyvadur,DB2
10249,pyaccount decon,DB2
10250,ayaccount decon,DB2
10251,iyaccount decon,Sybase
10252,dyaccount decon,Sybase
10253,pyannuity prs,Sybase
10254,ayannuity prs,Sybase
10255,iyannuity prs,Oracle
10256,dyannuity prs,Oracle
10257,pygenesus,Oracle
10258,aygenesus,Oracle
10259,iygenesus,SQL Server
10260,dygenesus,SQL Server
10261,pypois,SQL Server
10262,aypois,SQL Server
10263,iypois,Hive
10264,dypois,Hive
10265,pydata river,Hive
10266,aydata river,Hive
10267,iydata river,DB2
10268,dydata river,DB2
10269,pysetthat,DB2
10270,aysetthat,DB2
10271,iysetthat,Sybase
10272,dysetthat,Sybase
10273,pybit7,Sybase
10274,aybit7,Sybase
10275,iybit7,Oracle
10276,dybit7,Oracle
10277,pypeoplehardfinance,Oracle
10278,aypeoplehardfinance,Oracle
10279,iypeoplehardfinance,SQL Server
10280,dypeoplehardfinance,SQL Server
10281,pysales mns,SQL Server
10282,aysales mns,SQL Server
10283,iysales mns,Hive
10284,dysales mns,Hive
10285,pyipos,Hive
10286,ayipos,Hive
10287,iyipos,DB2
10288,dyipos,DB2
10289,pylmoon,DB2
10290,aylmoon,DB2
10291,iylmoon,Sybase
10292,dylmoon,Sybase
10293,pyepickup web services,Sybase
10294,ayepickup web services,Sybase
10295,iyepickup web services,Oracle
10296,dyepickup web services,Oracle
10297,pybownus,Oracle
10298,aybownus,Oracle
10299,iybownus,SQL Server
10300,dybownus,SQL Server
10301,pygardor,SQL Server
10302,aygardor,SQL Server
10303,iygardor,Hive
10304,dygardor,Hive
10305,pyticc analytics platform,Hive
10306,ayticc analytics platform,Hive
10307,iyticc analytics platform,DB2
10308,dyticc analytics platform,DB2
10309,pydgs - dfs,DB2
10310,aydgs - dfs,DB2
10311,iydgs - dfs,Sybase
10312,dydgs - dfs,Sybase
10313,pymailthat,Sybase
10314,aymailthat,Sybase
10315,iymailthat,Oracle
10316,dymailthat,Oracle
10317,pyemployeedetriments,Oracle
10318,ayemployeedetriments,Oracle
10319,iyemployeedetriments,SQL Server
10320,dyemployeedetriments,SQL Server
10321,pyclaimdisadvantage,SQL Server
10322,ayclaimdisadvantage,SQL Server
10323,iyclaimdisadvantage,Hive
10324,dyclaimdisadvantage,Hive
10325,pyxxo,Hive
10326,ayxxo,Hive
10327,iyxxo,DB2
10328,dyxxo,DB2
10329,pyyourvaya,DB2
10330,ayyourvaya,DB2
10331,iyyourvaya,Sybase
10332,dyyourvaya,Sybase
10333,py1086 unpro,Sybase
10334,ay1086 unpro,Sybase
10335,iy1086 unpro,Oracle
10336,dy1086 unpro,Oracle
10337,pxyfind operations,Oracle
10338,axyfind operations,Oracle
10339,ixyfind operations,SQL Server
10340,dxyfind operations,SQL Server
10341,pxydatamatica,SQL Server
10342,axydatamatica,SQL Server
10343,ixydatamatica,Hive
10344,dxydatamatica,Hive
10345,pxyiwr,Hive
10346,axyiwr,Hive
10347,ixyiwr,DB2
10348,dxyiwr,DB2
10349,pxydueces,DB2
10350,axydueces,DB2
10351,ixydueces,Sybase
10352,dxydueces,Sybase
10353,pxyenrollment,Sybase
10354,axyenrollment,Sybase
10355,ixyenrollment,Oracle
10356,dxyenrollment,Oracle
10357,pxyvadur,Oracle
10358,axyvadur,Oracle
10359,ixyvadur,SQL Server
10360,dxyvadur,Oracle
10361,pxyaccount decon,Oracle
10362,axyaccount decon,Oracle
10363,ixyaccount decon,Oracle
10364,dxyaccount decon,SQL Server
10365,pxyannuity prs,SQL Server
10366,axyannuity prs,SQL Server
10367,ixyannuity prs,SQL Server
10368,dxyannuity prs,Hive
10369,pxygenesus,Hive
10370,axygenesus,Hive
10371,ixygenesus,Hive
10372,dxygenesus,DB2
10373,pxypois,DB2
10374,axypois,DB2
10375,ixypois,DB2
10376,dxypois,Sybase
10377,pxydata river,Sybase
10378,axydata river,Sybase
10379,ixydata river,Sybase
10380,dxydata river,Oracle
10381,pxysetthat,Oracle
10382,axysetthat,Oracle
10383,ixysetthat,Oracle
10384,dxysetthat,SQL Server
10385,pxybit7,SQL Server
10386,axybit7,SQL Server
10387,ixybit7,SQL Server
10388,dxybit7,Hive
10389,pxypeoplehardfinance,Hive
10390,axypeoplehardfinance,Hive
10391,ixypeoplehardfinance,Hive
10392,dxypeoplehardfinance,DB2
10393,pxysales mns,DB2
10394,axysales mns,DB2
10395,ixysales mns,DB2
10396,dxysales mns,Sybase
10397,pxyipos,Sybase
10398,axyipos,Sybase
10399,ixyipos,Sybase
10400,dxyipos,Oracle
10401,pxylmoon,Oracle
10402,axylmoon,Oracle
10403,ixylmoon,Oracle
10404,dxylmoon,SQL Server
10405,pxyepickup web services,SQL Server
10406,axyepickup web services,SQL Server
10407,ixyepickup web services,SQL Server
10408,dxyepickup web services,Hive
10409,pxybownus,Hive
10410,axybownus,Hive
10411,ixybownus,Hive
10412,dxybownus,DB2
10413,pxygardor,DB2
10414,axygardor,DB2
10415,ixygardor,DB2
10416,dxygardor,Sybase
10417,pxyticc analytics platform,Sybase
10418,axyticc analytics platform,Sybase
10419,ixyticc analytics platform,Sybase
10420,dxyticc analytics platform,Oracle
10421,pxydgs - dfs,Oracle
10422,axydgs - dfs,Oracle
10423,ixydgs - dfs,Oracle
10424,dxydgs - dfs,SQL Server
10425,pxymailthat,SQL Server
10426,axymailthat,SQL Server
10427,ixymailthat,SQL Server
10428,dxymailthat,Hive
10429,pxyemployeedetriments,Oracle
10430,axyemployeedetriments,Oracle
10431,ixyemployeedetriments,Oracle
10432,dxyemployeedetriments,Oracle
10433,pxyclaimdisadvantage,SQL Server
10434,axyclaimdisadvantage,SQL Server
10435,ixyclaimdisadvantage,SQL Server
10436,dxyclaimdisadvantage,SQL Server
10437,pxyxxo,Hive
10438,axyxxo,Hive
10439,ixyxxo,Hive
10440,dxyxxo,Hive
10441,pxyyourvaya,DB2
10442,axyyourvaya,DB2
10443,ixyyourvaya,DB2
10444,dxyyourvaya,DB2
10445,pxy1086 unpro,Sybase
10446,axy1086 unpro,Sybase
10447,ixy1086 unpro,Sybase
10448,dxy1086 unpro,Sybase
10449,pafind operations,Oracle
10450,aafind operations,Oracle
10451,iafind operations,Oracle
10452,dafind operations,Oracle
10453,padatamatica,SQL Server
10454,aadatamatica,SQL Server
10455,iadatamatica,SQL Server
10456,dadatamatica,SQL Server
10457,paiwr,Hive
10458,aaiwr,Hive
10459,iaiwr,Hive
10460,daiwr,Hive
10461,padueces,DB2
10462,aadueces,DB2
10463,iadueces,DB2
10464,dadueces,DB2
10465,paenrollment,Sybase
10466,aaenrollment,Sybase
10467,iaenrollment,Sybase
10468,daenrollment,Sybase
10469,pavadur,Oracle
10470,aavadur,Oracle
10471,iavadur,Oracle
10472,davadur,Oracle
10473,paaccount decon,SQL Server
10474,aaaccount decon,SQL Server
10475,iaaccount decon,SQL Server
10476,daaccount decon,SQL Server
10477,paannuity prs,Hive
10478,aaannuity prs,Hive
10479,iaannuity prs,Hive
10480,daannuity prs,Hive
10481,pagenesus,DB2
10482,aagenesus,DB2
10483,iagenesus,DB2
10484,dagenesus,DB2
10485,papois,Sybase
10486,aapois,Sybase
10487,iapois,Sybase
10488,dapois,Sybase
10489,padata river,Oracle
10490,aadata river,Oracle
10491,iadata river,Oracle
10492,dadata river,Oracle
10493,pasetthat,SQL Server
10494,aasetthat,SQL Server
10495,iasetthat,SQL Server
10496,dasetthat,SQL Server
10497,pabit7,Hive
10498,aabit7,Hive
10499,iabit7,Hive
10500,dabit7,Hive
10501,papeoplehardfinance,DB2
10502,aapeoplehardfinance,DB2
10503,iapeoplehardfinance,DB2
10504,dapeoplehardfinance,DB2
10505,pasales mns,Sybase
10506,aasales mns,Sybase
10507,iasales mns,Sybase
10508,dasales mns,Sybase
10509,paipos,Oracle
10510,aaipos,Oracle
10511,iaipos,Oracle
10512,daipos,Oracle
10513,palmoon,SQL Server
10514,aalmoon,SQL Server
10515,ialmoon,SQL Server
10516,dalmoon,SQL Server
10517,paepickup web services,Hive
10518,aaepickup web services,Hive
10519,iaepickup web services,Hive
10520,daepickup web services,Hive
10521,pabownus,DB2
10522,aabownus,DB2
10523,iabownus,DB2
10524,dabownus,DB2
10525,pagardor,Sybase
10526,aagardor,Sybase
10527,iagardor,Sybase
10528,dagardor,Sybase
10529,paticc analytics platform,Oracle
10530,aaticc analytics platform,Oracle
10531,iaticc analytics platform,Oracle
10532,daticc analytics platform,Oracle
10533,padgs - dfs,SQL Server
10534,aadgs - dfs,SQL Server
10535,iadgs - dfs,SQL Server
10536,dadgs - dfs,SQL Server
10537,pamailthat,Hive
10538,aamailthat,Hive
10539,iamailthat,Hive
10540,damailthat,Hive
10541,paemployeedetriments,DB2
10542,aaemployeedetriments,DB2
10543,iaemployeedetriments,DB2
10544,daemployeedetriments,DB2
10545,paclaimdisadvantage,Sybase
10546,aaclaimdisadvantage,Sybase
10547,iaclaimdisadvantage,Sybase
10548,daclaimdisadvantage,Sybase
10549,paxxo,Oracle
10550,aaxxo,Oracle
10551,iaxxo,Oracle
10552,daxxo,Oracle
10553,payourvaya,SQL Server
10554,aayourvaya,SQL Server
10555,iayourvaya,SQL Server
10556,dayourvaya,SQL Server
10557,pa1086 unpro,Hive
10558,aa1086 unpro,Hive
10559,ia1086 unpro,Hive
10560,da1086 unpro,Hive
10561,pbfind operations,DB2
10562,abfind operations,DB2
10563,ibfind operations,DB2
10564,dbfind operations,DB2
10565,pbdatamatica,Sybase
10566,abdatamatica,Sybase
10567,ibdatamatica,Sybase
10568,dbdatamatica,Sybase
10569,pbiwr,Oracle
10570,abiwr,Oracle
10571,ibiwr,Oracle
10572,dbiwr,Oracle
10573,pbdueces,SQL Server
10574,abdueces,Oracle
10575,ibdueces,Oracle
10576,dbdueces,Oracle
10577,pbenrollment,Oracle
10578,abenrollment,SQL Server
10579,ibenrollment,SQL Server
10580,dbenrollment,SQL Server
10581,pbvadur,SQL Server
10582,abvadur,Hive
10583,ibvadur,Hive
10584,dbvadur,Hive
10585,pbaccount decon,Hive
10586,abaccount decon,DB2
10587,ibaccount decon,DB2
10588,dbaccount decon,DB2
10589,pbannuity prs,DB2
10590,abannuity prs,Sybase
10591,ibannuity prs,Sybase
10592,dbannuity prs,Sybase
10593,pbgenesus,Sybase
10594,abgenesus,Oracle
10595,ibgenesus,Oracle
10596,dbgenesus,Oracle
10597,pbpois,Oracle
10598,abpois,SQL Server
10599,ibpois,SQL Server
10600,dbpois,SQL Server
10601,pbdata river,SQL Server
10602,abdata river,Hive
10603,ibdata river,Hive
10604,dbdata river,Hive
10605,pbsetthat,Hive
10606,absetthat,DB2
10607,ibsetthat,DB2
10608,dbsetthat,DB2
10609,pbbit7,DB2
10610,abbit7,Sybase
10611,ibbit7,Sybase
10612,dbbit7,Sybase
10613,pbpeoplehardfinance,Sybase
10614,abpeoplehardfinance,Oracle
10615,ibpeoplehardfinance,Oracle
10616,dbpeoplehardfinance,Oracle
10617,pbsales mns,Oracle
10618,absales mns,SQL Server
10619,ibsales mns,SQL Server
10620,dbsales mns,SQL Server
10621,pbipos,SQL Server
10622,abipos,Hive
10623,ibipos,Hive
10624,dbipos,Hive
10625,pblmoon,Hive
10626,ablmoon,DB2
10627,iblmoon,DB2
10628,dblmoon,DB2
10629,pbepickup web services,DB2
10630,abepickup web services,Sybase
10631,ibepickup web services,Sybase
10632,dbepickup web services,Sybase
10633,pbbownus,Sybase
10634,abbownus,Oracle
10635,ibbownus,Oracle
10636,dbbownus,Oracle
10637,pbgardor,Oracle
10638,abgardor,SQL Server
10639,ibgardor,SQL Server
10640,dbgardor,SQL Server
10641,pbticc analytics platform,SQL Server
10642,abticc analytics platform,Hive
10643,ibticc analytics platform,Oracle
10644,dbticc analytics platform,Oracle
10645,pbdgs - dfs,Oracle
10646,abdgs - dfs,Oracle
10647,ibdgs - dfs,SQL Server
10648,dbdgs - dfs,SQL Server
10649,pbmailthat,SQL Server
10650,abmailthat,SQL Server
10651,ibmailthat,Hive
10652,dbmailthat,Hive
10653,pbemployeedetriments,Hive
10654,abemployeedetriments,Hive
10655,ibemployeedetriments,DB2
10656,dbemployeedetriments,DB2
10657,pbclaimdisadvantage,DB2
10658,abclaimdisadvantage,DB2
10659,ibclaimdisadvantage,Sybase
10660,dbclaimdisadvantage,Sybase
10661,pbxxo,Sybase
10662,abxxo,Sybase
10663,ibxxo,Oracle
10664,dbxxo,Oracle
10665,pbyourvaya,Oracle
10666,abyourvaya,Oracle
10667,ibyourvaya,SQL Server
10668,dbyourvaya,SQL Server
10669,pb1086 unpro,SQL Server
10670,ab1086 unpro,SQL Server
10671,ib1086 unpro,Hive
10672,db1086 unpro,Hive
10673,pcfind operations,Hive
10674,acfind operations,Hive
10675,icfind operations,DB2
10676,dcfind operations,DB2
10677,pcdatamatica,DB2
10678,acdatamatica,DB2
10679,icdatamatica,Sybase
10680,dcdatamatica,Sybase
10681,pciwr,Sybase
10682,aciwr,Sybase
10683,iciwr,Oracle
10684,dciwr,Oracle
10685,pcdueces,Oracle
10686,acdueces,Oracle
10687,icdueces,SQL Server
10688,dcdueces,SQL Server
10689,pcenrollment,SQL Server
10690,acenrollment,SQL Server
10691,icenrollment,Hive
10692,dcenrollment,Hive
10693,pcvadur,Hive
10694,acvadur,Hive
10695,icvadur,DB2
10696,dcvadur,DB2
10697,pcaccount decon,DB2
10698,acaccount decon,DB2
10699,icaccount decon,Sybase
10700,dcaccount decon,Sybase
10701,pcannuity prs,Sybase
10702,acannuity prs,Sybase
10703,icannuity prs,Oracle
10704,dcannuity prs,Oracle
10705,pcgenesus,Oracle
10706,acgenesus,Oracle
10707,icgenesus,SQL Server
10708,dcgenesus,SQL Server
10709,pcpois,SQL Server
10710,acpois,SQL Server
10711,icpois,Hive
10712,dcpois,Hive
10713,pcdata river,Hive
10714,acdata river,Hive
10715,icdata river,DB2
10716,dcdata river,DB2
10717,pcsetthat,DB2
10718,acsetthat,DB2
10719,icsetthat,Sybase
10720,dcsetthat,Sybase
10721,pcbit7,Sybase
10722,acbit7,Sybase
10723,icbit7,Oracle
10724,dcbit7,Oracle
10725,pcpeoplehardfinance,Oracle
10726,acpeoplehardfinance,Oracle
10727,icpeoplehardfinance,SQL Server
10728,dcpeoplehardfinance,SQL Server
10729,pcsales mns,SQL Server
10730,acsales mns,SQL Server
10731,icsales mns,Hive
10732,dcsales mns,Hive
10733,pcipos,Hive
10734,acipos,Hive
10735,icipos,DB2
10736,dcipos,DB2
10737,pclmoon,DB2
10738,aclmoon,DB2
10739,iclmoon,Sybase
10740,dclmoon,Sybase
10741,pcepickup web services,Sybase
10742,acepickup web services,Sybase
10743,icepickup web services,Oracle
10744,dcepickup web services,Oracle
10745,pcbownus,Oracle
10746,acbownus,Oracle
10747,icbownus,SQL Server
10748,dcbownus,SQL Server
10749,pcgardor,SQL Server
10750,acgardor,SQL Server
10751,icgardor,Hive
10752,dcgardor,Hive
10753,pcticc analytics platform,Hive
10754,acticc analytics platform,Hive
10755,icticc analytics platform,DB2
10756,dcticc analytics platform,DB2
10757,pcdgs - dfs,DB2
10758,acdgs - dfs,DB2
10759,icdgs - dfs,Sybase
10760,dcdgs - dfs,Sybase
10761,pcmailthat,Sybase
10762,acmailthat,Sybase
10763,icmailthat,Oracle
10764,dcmailthat,Oracle
10765,pcemployeedetriments,Oracle
10766,acemployeedetriments,Oracle
10767,icemployeedetriments,SQL Server
10768,dcemployeedetriments,SQL Server
10769,pcclaimdisadvantage,SQL Server
10770,acclaimdisadvantage,SQL Server
10771,icclaimdisadvantage,Hive
10772,dcclaimdisadvantage,Hive
10773,pcxxo,Hive
10774,acxxo,Hive
10775,icxxo,DB2
10776,dcxxo,DB2
10777,pcyourvaya,DB2
10778,acyourvaya,DB2
10779,icyourvaya,Sybase
10780,dcyourvaya,Sybase
10781,pc1086 unpro,Sybase
10782,ac1086 unpro,Sybase
10783,ic1086 unpro,Oracle
10784,dc1086 unpro,Oracle
10785,pdfind operations,Oracle
10786,adfind operations,Oracle
10787,idfind operations,SQL Server
10788,ddfind operations,Oracle
10789,pddatamatica,Oracle
10790,addatamatica,Oracle
10791,iddatamatica,Oracle
10792,dddatamatica,SQL Server
10793,pdiwr,SQL Server
10794,adiwr,SQL Server
10795,idiwr,SQL Server
10796,ddiwr,Hive
10797,pddueces,Hive
10798,addueces,Hive
10799,iddueces,Hive
10800,dddueces,DB2
10801,pdenrollment,DB2
10802,adenrollment,DB2
10803,idenrollment,DB2
10804,ddenrollment,Sybase
10805,pdvadur,Sybase
10806,advadur,Sybase
10807,idvadur,Sybase
10808,ddvadur,Oracle
10809,pdaccount decon,Oracle
10810,adaccount decon,Oracle
10811,idaccount decon,Oracle
10812,ddaccount decon,SQL Server
10813,pdannuity prs,SQL Server
10814,adannuity prs,SQL Server
10815,idannuity prs,SQL Server
10816,ddannuity prs,Hive
10817,pdgenesus,Hive
10818,adgenesus,Hive
10819,idgenesus,Hive
10820,ddgenesus,DB2
10821,pdpois,DB2
10822,adpois,DB2
10823,idpois,DB2
10824,ddpois,Sybase
10825,pddata river,Sybase
10826,addata river,Sybase
10827,iddata river,Sybase
10828,dddata river,Oracle
10829,pdsetthat,Oracle
10830,adsetthat,Oracle
10831,idsetthat,Oracle
10832,ddsetthat,SQL Server
10833,pdbit7,SQL Server
10834,adbit7,SQL Server
10835,idbit7,SQL Server
10836,ddbit7,Hive
10837,pdpeoplehardfinance,Hive
10838,adpeoplehardfinance,Hive
10839,idpeoplehardfinance,Hive
10840,ddpeoplehardfinance,DB2
10841,pdsales mns,DB2
10842,adsales mns,DB2
10843,idsales mns,DB2
10844,ddsales mns,Sybase
10845,pdipos,Sybase
10846,adipos,Sybase
10847,idipos,Sybase
10848,ddipos,Oracle
10849,pdlmoon,Oracle
10850,adlmoon,Oracle
10851,idlmoon,Oracle
10852,ddlmoon,SQL Server
10853,pdepickup web services,SQL Server
10854,adepickup web services,SQL Server
10855,idepickup web services,SQL Server
10856,ddepickup web services,Hive
10857,pdbownus,Oracle
10858,adbownus,Oracle
10859,idbownus,Oracle
10860,ddbownus,Oracle
10861,pdgardor,SQL Server
10862,adgardor,SQL Server
10863,idgardor,SQL Server
10864,ddgardor,SQL Server
10865,pdticc analytics platform,Hive
10866,adticc analytics platform,Hive
10867,idticc analytics platform,Hive
10868,ddticc analytics platform,Hive
10869,pddgs - dfs,DB2
10870,addgs - dfs,DB2
10871,iddgs - dfs,DB2
10872,dddgs - dfs,DB2
10873,pdmailthat,Sybase
10874,admailthat,Sybase
10875,idmailthat,Sybase
10876,ddmailthat,Sybase
10877,pdemployeedetriments,Oracle
10878,ademployeedetriments,Oracle
10879,idemployeedetriments,Oracle
10880,ddemployeedetriments,Oracle
10881,pdclaimdisadvantage,SQL Server
10882,adclaimdisadvantage,SQL Server
10883,idclaimdisadvantage,SQL Server
10884,ddclaimdisadvantage,SQL Server
10885,pdxxo,Hive
10886,adxxo,Hive
10887,idxxo,Hive
10888,ddxxo,Hive
10889,pdyourvaya,DB2
10890,adyourvaya,DB2
10891,idyourvaya,DB2
10892,ddyourvaya,DB2
10893,pd1086 unpro,Sybase
10894,ad1086 unpro,Sybase
10895,id1086 unpro,Sybase
10896,dd1086 unpro,Sybase
10897,pefind operations,Oracle
10898,aefind operations,Oracle
10899,iefind operations,Oracle
10900,defind operations,Oracle
10901,pedatamatica,SQL Server
10902,aedatamatica,SQL Server
10903,iedatamatica,SQL Server
10904,dedatamatica,SQL Server
10905,peiwr,Hive
10906,aeiwr,Hive
10907,ieiwr,Hive
10908,deiwr,Hive
10909,pedueces,DB2
10910,aedueces,DB2
10911,iedueces,DB2
10912,dedueces,DB2
10913,peenrollment,Sybase
10914,aeenrollment,Sybase
10915,ieenrollment,Sybase
10916,deenrollment,Sybase
10917,pevadur,Oracle
10918,aevadur,Oracle
10919,ievadur,Oracle
10920,devadur,Oracle
10921,peaccount decon,SQL Server
10922,aeaccount decon,SQL Server
10923,ieaccount decon,SQL Server
10924,deaccount decon,SQL Server
10925,peannuity prs,Hive
10926,aeannuity prs,Hive
10927,ieannuity prs,Hive
10928,deannuity prs,Hive
10929,pegenesus,DB2
10930,aegenesus,DB2
10931,iegenesus,DB2
10932,degenesus,DB2
10933,pepois,Sybase
10934,aepois,Sybase
10935,iepois,Sybase
10936,depois,Sybase
10937,pedata river,Oracle
10938,aedata river,Oracle
10939,iedata river,Oracle
10940,dedata river,Oracle
10941,pesetthat,SQL Server
10942,aesetthat,SQL Server
10943,iesetthat,SQL Server
10944,desetthat,SQL Server
10945,pebit7,Hive
10946,aebit7,Hive
10947,iebit7,Hive
10948,debit7,Hive
10949,pepeoplehardfinance,DB2
10950,aepeoplehardfinance,DB2
10951,iepeoplehardfinance,DB2
10952,depeoplehardfinance,DB2
10953,pesales mns,Sybase
10954,aesales mns,Sybase
10955,iesales mns,Sybase
10956,desales mns,Sybase
10957,peipos,Oracle
10958,aeipos,Oracle
10959,ieipos,Oracle
10960,deipos,Oracle
10961,pelmoon,SQL Server
10962,aelmoon,SQL Server
10963,ielmoon,SQL Server
10964,delmoon,SQL Server
10965,peepickup web services,Hive
10966,aeepickup web services,Hive
10967,ieepickup web services,Hive
10968,deepickup web services,Hive
10969,pebownus,DB2
10970,aebownus,DB2
10971,iebownus,DB2
10972,debownus,DB2
10973,pegardor,Sybase
10974,aegardor,Sybase
10975,iegardor,Sybase
10976,degardor,Sybase
10977,peticc analytics platform,Oracle
10978,aeticc analytics platform,Oracle
10979,ieticc analytics platform,Oracle
10980,deticc analytics platform,Oracle
10981,pedgs - dfs,SQL Server
10982,aedgs - dfs,SQL Server
10983,iedgs - dfs,SQL Server
10984,dedgs - dfs,SQL Server
10985,pemailthat,Hive
10986,aemailthat,Hive
10987,iemailthat,Hive
10988,demailthat,Hive
10989,peemployeedetriments,DB2
10990,aeemployeedetriments,DB2
10991,ieemployeedetriments,DB2
10992,deemployeedetriments,DB2
10993,peclaimdisadvantage,Sybase
10994,aeclaimdisadvantage,Sybase
10995,ieclaimdisadvantage,Sybase
10996,declaimdisadvantage,Sybase
10997,pexxo,Oracle
10998,aexxo,Oracle
10999,iexxo,Oracle
11000,dexxo,Oracle
11001,peyourvaya,SQL Server
11002,aeyourvaya,Oracle
11003,ieyourvaya,Oracle
11004,deyourvaya,Oracle
11005,pe1086 unpro,Oracle
11006,ae1086 unpro,SQL Server
11007,ie1086 unpro,SQL Server
11008,de1086 unpro,SQL Server
11009,pffind operations,SQL Server
11010,affind operations,Hive
11011,iffind operations,Hive
11012,dffind operations,Hive
11013,pfdatamatica,Hive
11014,afdatamatica,DB2
11015,ifdatamatica,DB2
11016,dfdatamatica,DB2
11017,pfiwr,DB2
11018,afiwr,Sybase
11019,ifiwr,Sybase
11020,dfiwr,Sybase
11021,pfdueces,Sybase
11022,afdueces,Oracle
11023,ifdueces,Oracle
11024,dfdueces,Oracle
11025,pfenrollment,Oracle
11026,afenrollment,SQL Server
11027,ifenrollment,SQL Server
11028,dfenrollment,SQL Server
11029,pfvadur,SQL Server
11030,afvadur,Hive
11031,ifvadur,Hive
11032,dfvadur,Hive
11033,pfaccount decon,Hive
11034,afaccount decon,DB2
11035,ifaccount decon,DB2
11036,dfaccount decon,DB2
11037,pfannuity prs,DB2
11038,afannuity prs,Sybase
11039,ifannuity prs,Sybase
11040,dfannuity prs,Sybase
11041,pfgenesus,Sybase
11042,afgenesus,Oracle
11043,ifgenesus,Oracle
11044,dfgenesus,Oracle
11045,pfpois,Oracle
11046,afpois,SQL Server
11047,ifpois,SQL Server
11048,dfpois,SQL Server
11049,pfdata river,SQL Server
11050,afdata river,Hive
11051,ifdata river,Hive
11052,dfdata river,Hive
11053,pfsetthat,Hive
11054,afsetthat,DB2
11055,ifsetthat,DB2
11056,dfsetthat,DB2
11057,pfbit7,DB2
11058,afbit7,Sybase
11059,ifbit7,Sybase
11060,dfbit7,Sybase
11061,pfpeoplehardfinance,Sybase
11062,afpeoplehardfinance,Oracle
11063,ifpeoplehardfinance,Oracle
11064,dfpeoplehardfinance,Oracle
11065,pfsales mns,Oracle
11066,afsales mns,SQL Server
11067,ifsales mns,SQL Server
11068,dfsales mns,SQL Server
11069,pfipos,SQL Server
11070,afipos,Hive
11071,ifipos,Oracle
11072,dfipos,Oracle
11073,pflmoon,Oracle
11074,aflmoon,Oracle
11075,iflmoon,SQL Server
11076,dflmoon,SQL Server
11077,pfepickup web services,SQL Server
11078,afepickup web services,SQL Server
11079,ifepickup web services,Hive
11080,dfepickup web services,Hive
11081,pfbownus,Hive
11082,afbownus,Hive
11083,ifbownus,DB2
11084,dfbownus,DB2
11085,pfgardor,DB2
11086,afgardor,DB2
11087,ifgardor,Sybase
11088,dfgardor,Sybase
11089,pfticc analytics platform,Sybase
11090,afticc analytics platform,Sybase
11091,ifticc analytics platform,Oracle
11092,dfticc analytics platform,Oracle
11093,pfdgs - dfs,Oracle
11094,afdgs - dfs,Oracle
11095,ifdgs - dfs,SQL Server
11096,dfdgs - dfs,SQL Server
11097,pfmailthat,SQL Server
11098,afmailthat,SQL Server
11099,ifmailthat,Hive
11100,dfmailthat,Hive
11101,pfemployeedetriments,Hive
11102,afemployeedetriments,Hive
11103,ifemployeedetriments,DB2
11104,dfemployeedetriments,DB2
11105,pfclaimdisadvantage,DB2
11106,afclaimdisadvantage,DB2
11107,ifclaimdisadvantage,Sybase
11108,dfclaimdisadvantage,Sybase
11109,pfxxo,Sybase
11110,afxxo,Sybase
11111,ifxxo,Oracle
11112,dfxxo,Oracle
11113,pfyourvaya,Oracle
11114,afyourvaya,Oracle
11115,ifyourvaya,SQL Server
11116,dfyourvaya,SQL Server
11117,pf1086 unpro,SQL Server
11118,af1086 unpro,SQL Server
11119,if1086 unpro,Hive
11120,df1086 unpro,Hive
11121,pgfind operations,Hive
11122,agfind operations,Hive
11123,igfind operations,DB2
11124,dgfind operations,DB2
11125,pgdatamatica,DB2
11126,agdatamatica,DB2
11127,igdatamatica,Sybase
11128,dgdatamatica,Sybase
11129,pgiwr,Sybase
11130,agiwr,Sybase
11131,igiwr,Oracle
11132,dgiwr,Oracle
11133,pgdueces,Oracle
11134,agdueces,Oracle
11135,igdueces,SQL Server
11136,dgdueces,SQL Server
11137,pgenrollment,SQL Server
11138,agenrollment,SQL Server
11139,igenrollment,Hive
11140,dgenrollment,Hive
11141,pgvadur,Hive
11142,agvadur,Hive
11143,igvadur,DB2
11144,dgvadur,DB2
11145,pgaccount decon,DB2
11146,agaccount decon,DB2
11147,igaccount decon,Sybase
11148,dgaccount decon,Sybase
11149,pgannuity prs,Sybase
11150,agannuity prs,Sybase
11151,igannuity prs,Oracle
11152,dgannuity prs,Oracle
11153,pggenesus,Oracle
11154,aggenesus,Oracle
11155,iggenesus,SQL Server
11156,dggenesus,SQL Server
11157,pgpois,SQL Server
11158,agpois,SQL Server
11159,igpois,Hive
11160,dgpois,Hive
11161,pgdata river,Hive
11162,agdata river,Hive
11163,igdata river,DB2
11164,dgdata river,DB2
11165,pgsetthat,DB2
11166,agsetthat,DB2
11167,igsetthat,Sybase
11168,dgsetthat,Sybase
11169,pgbit7,Sybase
11170,agbit7,Sybase
11171,igbit7,Oracle
11172,dgbit7,Oracle
11173,pgpeoplehardfinance,Oracle
11174,agpeoplehardfinance,Oracle
11175,igpeoplehardfinance,SQL Server
11176,dgpeoplehardfinance,SQL Server
11177,pgsales mns,SQL Server
11178,agsales mns,SQL Server
11179,igsales mns,Hive
11180,dgsales mns,Hive
11181,pgipos,Hive
11182,agipos,Hive
11183,igipos,DB2
11184,dgipos,DB2
11185,pglmoon,DB2
11186,aglmoon,DB2
11187,iglmoon,Sybase
11188,dglmoon,Sybase
11189,pgepickup web services,Sybase
11190,agepickup web services,Sybase
11191,igepickup web services,Oracle
11192,dgepickup web services,Oracle
11193,pgbownus,Oracle
11194,agbownus,Oracle
11195,igbownus,SQL Server
11196,dgbownus,SQL Server
11197,pggardor,SQL Server
11198,aggardor,SQL Server
11199,iggardor,Hive
11200,dggardor,Hive
11201,pgticc analytics platform,Hive
11202,agticc analytics platform,Hive
11203,igticc analytics platform,DB2
11204,dgticc analytics platform,DB2
11205,pgdgs - dfs,DB2
11206,agdgs - dfs,DB2
11207,igdgs - dfs,Sybase
11208,dgdgs - dfs,Sybase
11209,pgmailthat,Sybase
11210,agmailthat,Sybase
11211,igmailthat,Oracle
11212,dgmailthat,Oracle
11213,pgemployeedetriments,Oracle
11214,agemployeedetriments,Oracle
11215,igemployeedetriments,SQL Server
11216,dgemployeedetriments,Oracle
11217,pgclaimdisadvantage,Oracle
11218,agclaimdisadvantage,Oracle
11219,igclaimdisadvantage,Oracle
11220,dgclaimdisadvantage,SQL Server
11221,pgxxo,SQL Server
11222,agxxo,SQL Server
11223,igxxo,SQL Server
11224,dgxxo,Hive
11225,pgyourvaya,Hive
11226,agyourvaya,Hive
11227,igyourvaya,Hive
11228,dgyourvaya,DB2
11229,pg1086 unpro,DB2
11230,ag1086 unpro,DB2
11231,ig1086 unpro,DB2
11232,dg1086 unpro,Sybase
11233,phfind operations,Sybase
11234,ahfind operations,Sybase
11235,ihfind operations,Sybase
11236,dhfind operations,Oracle
11237,phdatamatica,Oracle
11238,ahdatamatica,Oracle
11239,ihdatamatica,Oracle
11240,dhdatamatica,SQL Server
11241,phiwr,SQL Server
11242,ahiwr,SQL Server
11243,ihiwr,SQL Server
11244,dhiwr,Hive
11245,phdueces,Hive
11246,ahdueces,Hive
11247,ihdueces,Hive
11248,dhdueces,DB2
11249,phenrollment,DB2
11250,ahenrollment,DB2
11251,ihenrollment,DB2
11252,dhenrollment,Sybase
11253,phvadur,Sybase
11254,ahvadur,Sybase
11255,ihvadur,Sybase
11256,dhvadur,Oracle
11257,phaccount decon,Oracle
11258,ahaccount decon,Oracle
11259,ihaccount decon,Oracle
11260,dhaccount decon,SQL Server
11261,phannuity prs,SQL Server
11262,ahannuity prs,SQL Server
11263,ihannuity prs,SQL Server
11264,dhannuity prs,Hive
11265,phgenesus,Hive
11266,ahgenesus,Hive
11267,ihgenesus,Hive
11268,dhgenesus,DB2
11269,phpois,DB2
11270,ahpois,DB2
11271,ihpois,DB2
11272,dhpois,Sybase
11273,phdata river,Sybase
11274,ahdata river,Sybase
11275,ihdata river,Sybase
11276,dhdata river,Oracle
11277,phsetthat,Oracle
11278,ahsetthat,Oracle
11279,ihsetthat,Oracle
11280,dhsetthat,SQL Server
11281,phbit7,SQL Server
11282,ahbit7,SQL Server
11283,ihbit7,SQL Server
11284,dhbit7,Hive
11285,phpeoplehardfinance,Oracle
11286,ahpeoplehardfinance,Oracle
11287,ihpeoplehardfinance,Oracle
11288,dhpeoplehardfinance,Oracle
11289,phsales mns,SQL Server
11290,ahsales mns,SQL Server
11291,ihsales mns,SQL Server
11292,dhsales mns,SQL Server
11293,phipos,Hive
11294,ahipos,Hive
11295,ihipos,Hive
11296,dhipos,Hive
11297,phlmoon,DB2
11298,ahlmoon,DB2
11299,ihlmoon,DB2
11300,dhlmoon,DB2
11301,phepickup web services,Sybase
11302,ahepickup web services,Sybase
11303,ihepickup web services,Sybase
11304,dhepickup web services,Sybase
11305,phbownus,Oracle
11306,ahbownus,Oracle
11307,ihbownus,Oracle
11308,dhbownus,Oracle
11309,phgardor,SQL Server
11310,ahgardor,SQL Server
11311,ihgardor,SQL Server
11312,dhgardor,SQL Server
11313,phticc analytics platform,Hive
11314,ahticc analytics platform,Hive
11315,ihticc analytics platform,Hive
11316,dhticc analytics platform,Hive
11317,phdgs - dfs,DB2
11318,ahdgs - dfs,DB2
11319,ihdgs - dfs,DB2
11320,dhdgs - dfs,DB2
11321,phmailthat,Sybase
11322,ahmailthat,Sybase
11323,ihmailthat,Sybase
11324,dhmailthat,Sybase
11325,phemployeedetriments,Oracle
11326,ahemployeedetriments,Oracle
11327,ihemployeedetriments,Oracle
11328,dhemployeedetriments,Oracle
11329,phclaimdisadvantage,SQL Server
11330,ahclaimdisadvantage,SQL Server
11331,ihclaimdisadvantage,SQL Server
11332,dhclaimdisadvantage,SQL Server
11333,phxxo,Hive
11334,ahxxo,Hive
11335,ihxxo,Hive
11336,dhxxo,Hive
11337,phyourvaya,DB2
11338,ahyourvaya,DB2
11339,ihyourvaya,DB2
11340,dhyourvaya,DB2
11341,ph1086 unpro,Sybase
11342,ah1086 unpro,Sybase
11343,ih1086 unpro,Sybase
11344,dh1086 unpro,Sybase
11345,pifind operations,Oracle
11346,aifind operations,Oracle
11347,iifind operations,Oracle
11348,difind operations,Oracle
11349,pidatamatica,SQL Server
11350,aidatamatica,SQL Server
11351,iidatamatica,SQL Server
11352,didatamatica,SQL Server
11353,piiwr,Hive
11354,aiiwr,Hive
11355,iiiwr,Hive
11356,diiwr,Hive
11357,pidueces,DB2
11358,aidueces,DB2
11359,iidueces,DB2
11360,didueces,DB2
11361,pienrollment,Sybase
11362,aienrollment,Sybase
11363,iienrollment,Sybase
11364,dienrollment,Sybase
11365,pivadur,Oracle
11366,aivadur,Oracle
11367,iivadur,Oracle
11368,divadur,Oracle
11369,piaccount decon,SQL Server
11370,aiaccount decon,SQL Server
11371,iiaccount decon,SQL Server
11372,diaccount decon,SQL Server
11373,piannuity prs,Hive
11374,aiannuity prs,Hive
11375,iiannuity prs,Hive
11376,diannuity prs,Hive
11377,pigenesus,DB2
11378,aigenesus,DB2
11379,iigenesus,DB2
11380,digenesus,DB2
11381,pipois,Sybase
11382,aipois,Sybase
11383,iipois,Sybase
11384,dipois,Sybase
11385,pidata river,Oracle
11386,aidata river,Oracle
11387,iidata river,Oracle
11388,didata river,Oracle
11389,pisetthat,SQL Server
11390,aisetthat,SQL Server
11391,iisetthat,SQL Server
11392,disetthat,SQL Server
11393,pibit7,Hive
11394,aibit7,Hive
11395,iibit7,Hive
11396,dibit7,Hive
11397,pipeoplehardfinance,DB2
11398,aipeoplehardfinance,DB2
11399,iipeoplehardfinance,DB2
11400,dipeoplehardfinance,DB2
11401,pisales mns,Sybase
11402,aisales mns,Sybase
11403,iisales mns,Sybase
11404,disales mns,Sybase
11405,piipos,Oracle
11406,aiipos,Oracle
11407,iiipos,Oracle
11408,diipos,Oracle
11409,pilmoon,SQL Server
11410,ailmoon,SQL Server
11411,iilmoon,SQL Server
11412,dilmoon,SQL Server
11413,piepickup web services,Hive
11414,aiepickup web services,Hive
11415,iiepickup web services,Hive
11416,diepickup web services,Hive
11417,pibownus,DB2
11418,aibownus,DB2
11419,iibownus,DB2
11420,dibownus,DB2
11421,pigardor,Sybase
11422,aigardor,Sybase
11423,iigardor,Sybase
11424,digardor,Sybase
11425,piticc analytics platform,Oracle
11426,aiticc analytics platform,Oracle
11427,iiticc analytics platform,Oracle
11428,diticc analytics platform,Oracle
11429,pidgs - dfs,SQL Server
11430,aidgs - dfs,Oracle
11431,iidgs - dfs,Oracle
11432,didgs - dfs,Oracle
11433,pimailthat,Oracle
11434,aimailthat,SQL Server
11435,iimailthat,SQL Server
11436,dimailthat,SQL Server
11437,piemployeedetriments,SQL Server
11438,aiemployeedetriments,Hive
11439,iiemployeedetriments,Hive
11440,diemployeedetriments,Hive
11441,piclaimdisadvantage,Hive
11442,aiclaimdisadvantage,DB2
11443,iiclaimdisadvantage,DB2
11444,diclaimdisadvantage,DB2
11445,pixxo,DB2
11446,aixxo,Sybase
11447,iixxo,Sybase
11448,dixxo,Sybase
11449,piyourvaya,Sybase
11450,aiyourvaya,Oracle
11451,iiyourvaya,Oracle
11452,diyourvaya,Oracle
11453,pi1086 unpro,Oracle
11454,ai1086 unpro,SQL Server
11455,ii1086 unpro,SQL Server
11456,di1086 unpro,SQL Server
11457,pjfind operations,SQL Server
11458,ajfind operations,Hive
11459,ijfind operations,Hive
11460,djfind operations,Hive
11461,pjdatamatica,Hive
11462,ajdatamatica,DB2
11463,ijdatamatica,DB2
11464,djdatamatica,DB2
11465,pjiwr,DB2
11466,ajiwr,Sybase
11467,ijiwr,Sybase
11468,djiwr,Sybase
11469,pjdueces,Sybase
11470,ajdueces,Oracle
11471,ijdueces,Oracle
11472,djdueces,Oracle
11473,pjenrollment,Oracle
11474,ajenrollment,SQL Server
11475,ijenrollment,SQL Server
11476,djenrollment,SQL Server
11477,pjvadur,SQL Server
11478,ajvadur,Hive
11479,ijvadur,Hive
11480,djvadur,Hive
11481,pjaccount decon,Hive
11482,ajaccount decon,DB2
11483,ijaccount decon,DB2
11484,djaccount decon,DB2
11485,pjannuity prs,DB2
11486,ajannuity prs,Sybase
11487,ijannuity prs,Sybase
11488,djannuity prs,Sybase
11489,pjgenesus,Sybase
11490,ajgenesus,Oracle
11491,ijgenesus,Oracle
11492,djgenesus,Oracle
11493,pjpois,Oracle
11494,ajpois,SQL Server
11495,ijpois,SQL Server
11496,djpois,SQL Server
11497,pjdata river,SQL Server
11498,ajdata river,Hive
11499,ijdata river,Oracle
11500,djdata river,Oracle
11501,pjsetthat,Oracle
11502,ajsetthat,Oracle
11503,ijsetthat,SQL Server
11504,djsetthat,SQL Server
11505,pjbit7,SQL Server
11506,ajbit7,SQL Server
11507,ijbit7,Hive
11508,djbit7,Hive
11509,pjpeoplehardfinance,Hive
11510,ajpeoplehardfinance,Hive
11511,ijpeoplehardfinance,DB2
11512,djpeoplehardfinance,DB2
11513,pjsales mns,DB2
11514,ajsales mns,DB2
11515,ijsales mns,Sybase
11516,djsales mns,Sybase
11517,pjipos,Sybase
11518,ajipos,Sybase
11519,ijipos,Oracle
11520,djipos,Oracle
11521,pjlmoon,Oracle
11522,ajlmoon,Oracle
11523,ijlmoon,SQL Server
11524,djlmoon,SQL Server
11525,pjepickup web services,SQL Server
11526,ajepickup web services,SQL Server
11527,ijepickup web services,Hive
11528,djepickup web services,Hive
11529,pjbownus,Hive
11530,ajbownus,Hive
11531,ijbownus,DB2
11532,djbownus,DB2
11533,pjgardor,DB2
11534,ajgardor,DB2
11535,ijgardor,Sybase
11536,djgardor,Sybase
11537,pjticc analytics platform,Sybase
11538,ajticc analytics platform,Sybase
11539,ijticc analytics platform,Oracle
11540,djticc analytics platform,Oracle
11541,pjdgs - dfs,Oracle
11542,ajdgs - dfs,Oracle
11543,ijdgs - dfs,SQL Server
11544,djdgs - dfs,SQL Server
11545,pjmailthat,SQL Server
11546,ajmailthat,SQL Server
11547,ijmailthat,Hive
11548,djmailthat,Hive
11549,pjemployeedetriments,Hive
11550,ajemployeedetriments,Hive
11551,ijemployeedetriments,DB2
11552,djemployeedetriments,DB2
11553,pjclaimdisadvantage,DB2
11554,ajclaimdisadvantage,DB2
11555,ijclaimdisadvantage,Sybase
11556,djclaimdisadvantage,Sybase
11557,pjxxo,Sybase
11558,ajxxo,Sybase
11559,ijxxo,Oracle
11560,djxxo,Oracle
11561,pjyourvaya,Oracle
11562,ajyourvaya,Oracle
11563,ijyourvaya,SQL Server
11564,djyourvaya,SQL Server
11565,pj1086 unpro,SQL Server
11566,aj1086 unpro,SQL Server
11567,ij1086 unpro,Hive
11568,dj1086 unpro,Hive
11569,pkfind operations,Hive
11570,akfind operations,Hive
11571,ikfind operations,DB2
11572,dkfind operations,DB2
11573,pkdatamatica,DB2
11574,akdatamatica,DB2
11575,ikdatamatica,Sybase
11576,dkdatamatica,Sybase
11577,pkiwr,Sybase
11578,akiwr,Sybase
11579,ikiwr,Oracle
11580,dkiwr,Oracle
11581,pkdueces,Oracle
11582,akdueces,Oracle
11583,ikdueces,SQL Server
11584,dkdueces,SQL Server
11585,pkenrollment,SQL Server
11586,akenrollment,SQL Server
11587,ikenrollment,Hive
11588,dkenrollment,Hive
11589,pkvadur,Hive
11590,akvadur,Hive
11591,ikvadur,DB2
11592,dkvadur,DB2
11593,pkaccount decon,DB2
11594,akaccount decon,DB2
11595,ikaccount decon,Sybase
11596,dkaccount decon,Sybase
11597,pkannuity prs,Sybase
11598,akannuity prs,Sybase
11599,ikannuity prs,Oracle
11600,dkannuity prs,Oracle
11601,pkgenesus,Oracle
11602,akgenesus,Oracle
11603,ikgenesus,SQL Server
11604,dkgenesus,SQL Server
11605,pkpois,SQL Server
11606,akpois,SQL Server
11607,ikpois,Hive
11608,dkpois,Hive
11609,pkdata river,Hive
11610,akdata river,Hive
11611,ikdata river,DB2
11612,dkdata river,DB2
11613,pksetthat,DB2
11614,aksetthat,DB2
11615,iksetthat,Sybase
11616,dksetthat,Sybase
11617,pkbit7,Sybase
11618,akbit7,Sybase
11619,ikbit7,Oracle
11620,dkbit7,Oracle
11621,pkpeoplehardfinance,Oracle
11622,akpeoplehardfinance,Oracle
11623,ikpeoplehardfinance,SQL Server
11624,dkpeoplehardfinance,SQL Server
11625,pksales mns,SQL Server
11626,aksales mns,SQL Server
11627,iksales mns,Hive
11628,dksales mns,Hive
11629,pkipos,Hive
11630,akipos,Hive
11631,ikipos,DB2
11632,dkipos,DB2
11633,pklmoon,DB2
11634,aklmoon,DB2
11635,iklmoon,Sybase
11636,dklmoon,Sybase
11637,pkepickup web services,Sybase
11638,akepickup web services,Sybase
11639,ikepickup web services,Oracle
11640,dkepickup web services,Oracle
11641,pkbownus,Oracle
11642,akbownus,Oracle
11643,ikbownus,SQL Server
11644,dkbownus,Oracle
11645,pkgardor,Oracle
11646,akgardor,Oracle
11647,ikgardor,Oracle
11648,dkgardor,SQL Server
11649,pkticc analytics platform,SQL Server
11650,akticc analytics platform,SQL Server
11651,ikticc analytics platform,SQL Server
11652,dkticc analytics platform,Hive
11653,pkdgs - dfs,Hive
11654,akdgs - dfs,Hive
11655,ikdgs - dfs,Hive
11656,dkdgs - dfs,DB2
11657,pkmailthat,DB2
11658,akmailthat,DB2
11659,ikmailthat,DB2
11660,dkmailthat,Sybase
11661,pkemployeedetriments,Sybase
11662,akemployeedetriments,Sybase
11663,ikemployeedetriments,Sybase
11664,dkemployeedetriments,Oracle
11665,pkclaimdisadvantage,Oracle
11666,akclaimdisadvantage,Oracle
11667,ikclaimdisadvantage,Oracle
11668,dkclaimdisadvantage,SQL Server
11669,pkxxo,SQL Server
11670,akxxo,SQL Server
11671,ikxxo,SQL Server
11672,dkxxo,Hive
11673,pkyourvaya,Hive
11674,akyourvaya,Hive
11675,ikyourvaya,Hive
11676,dkyourvaya,DB2
11677,pk1086 unpro,DB2
11678,ak1086 unpro,DB2
11679,ik1086 unpro,DB2
11680,dk1086 unpro,Sybase
11681,plfind operations,Sybase
11682,alfind operations,Sybase
11683,ilfind operations,Sybase
11684,dlfind operations,Oracle
11685,pldatamatica,Oracle
11686,aldatamatica,Oracle
11687,ildatamatica,Oracle
11688,dldatamatica,SQL Server
11689,pliwr,SQL Server
11690,aliwr,SQL Server
11691,iliwr,SQL Server
11692,dliwr,Hive
11693,pldueces,Hive
11694,aldueces,Hive
11695,ildueces,Hive
11696,dldueces,DB2
11697,plenrollment,DB2
11698,alenrollment,DB2
11699,ilenrollment,DB2
11700,dlenrollment,Sybase
11701,plvadur,Sybase
11702,alvadur,Sybase
11703,ilvadur,Sybase
11704,dlvadur,Oracle
11705,placcount decon,Oracle
11706,alaccount decon,Oracle
11707,ilaccount decon,Oracle
11708,dlaccount decon,SQL Server
11709,plannuity prs,SQL Server
11710,alannuity prs,SQL Server
11711,ilannuity prs,SQL Server
11712,dlannuity prs,Hive
11713,plgenesus,Oracle
11714,algenesus,Oracle
11715,ilgenesus,Oracle
11716,dlgenesus,Oracle
11717,plpois,SQL Server
11718,alpois,SQL Server
11719,ilpois,SQL Server
11720,dlpois,SQL Server
11721,pldata river,Hive
11722,aldata river,Hive
11723,ildata river,Hive
11724,dldata river,Hive
11725,plsetthat,DB2
11726,alsetthat,DB2
11727,ilsetthat,DB2
11728,dlsetthat,DB2
11729,plbit7,Sybase
11730,albit7,Sybase
11731,ilbit7,Sybase
11732,dlbit7,Sybase
11733,plpeoplehardfinance,Oracle
11734,alpeoplehardfinance,Oracle
11735,ilpeoplehardfinance,Oracle
11736,dlpeoplehardfinance,Oracle
11737,plsales mns,SQL Server
11738,alsales mns,SQL Server
11739,ilsales mns,SQL Server
11740,dlsales mns,SQL Server
11741,plipos,Hive
11742,alipos,Hive
11743,ilipos,Hive
11744,dlipos,Hive
11745,pllmoon,DB2
11746,allmoon,DB2
11747,illmoon,DB2
11748,dllmoon,DB2
11749,plepickup web services,Sybase
11750,alepickup web services,Sybase
11751,ilepickup web services,Sybase
11752,dlepickup web services,Sybase
11753,plbownus,Oracle
11754,albownus,Oracle
11755,ilbownus,Oracle
11756,dlbownus,Oracle
11757,plgardor,SQL Server
11758,algardor,SQL Server
11759,ilgardor,SQL Server
11760,dlgardor,SQL Server
11761,plticc analytics platform,Hive
11762,alticc analytics platform,Hive
11763,ilticc analytics platform,Hive
11764,dlticc analytics platform,Hive
11765,pldgs - dfs,DB2
11766,aldgs - dfs,DB2
11767,ildgs - dfs,DB2
11768,dldgs - dfs,DB2
11769,plmailthat,Sybase
11770,almailthat,Sybase
11771,ilmailthat,Sybase
11772,dlmailthat,Sybase
11773,plemployeedetriments,Oracle
11774,alemployeedetriments,Oracle
11775,ilemployeedetriments,Oracle
11776,dlemployeedetriments,Oracle
11777,plclaimdisadvantage,SQL Server
11778,alclaimdisadvantage,SQL Server
11779,ilclaimdisadvantage,SQL Server
11780,dlclaimdisadvantage,SQL Server
11781,plxxo,Hive
11782,alxxo,Hive
11783,ilxxo,Hive
11784,dlxxo,Hive
11785,plyourvaya,DB2
11786,alyourvaya,DB2
11787,ilyourvaya,DB2
11788,dlyourvaya,DB2
11789,pl1086 unpro,Sybase
11790,al1086 unpro,Sybase
11791,il1086 unpro,Sybase
11792,dl1086 unpro,Sybase
11793,pmfind operations,Oracle
11794,amfind operations,Oracle
11795,imfind operations,Oracle
11796,dmfind operations,Oracle
11797,pmdatamatica,SQL Server
11798,amdatamatica,SQL Server
11799,imdatamatica,SQL Server
11800,dmdatamatica,SQL Server
11801,pmiwr,Hive
11802,amiwr,Hive
11803,imiwr,Hive
11804,dmiwr,Hive
11805,pmdueces,DB2
11806,amdueces,DB2
11807,imdueces,DB2
11808,dmdueces,DB2
11809,pmenrollment,Sybase
11810,amenrollment,Sybase
11811,imenrollment,Sybase
11812,dmenrollment,Sybase
11813,pmvadur,Oracle
11814,amvadur,Oracle
11815,imvadur,Oracle
11816,dmvadur,Oracle
11817,pmaccount decon,SQL Server
11818,amaccount decon,SQL Server
11819,imaccount decon,SQL Server
11820,dmaccount decon,SQL Server
11821,pmannuity prs,Hive
11822,amannuity prs,Hive
11823,imannuity prs,Hive
11824,dmannuity prs,Hive
11825,pmgenesus,DB2
11826,amgenesus,DB2
11827,imgenesus,DB2
11828,dmgenesus,DB2
11829,pmpois,Sybase
11830,ampois,Sybase
11831,impois,Sybase
11832,dmpois,Sybase
11833,pmdata river,Oracle
11834,amdata river,Oracle
11835,imdata river,Oracle
11836,dmdata river,Oracle
11837,pmsetthat,SQL Server
11838,amsetthat,SQL Server
11839,imsetthat,SQL Server
11840,dmsetthat,SQL Server
11841,pmbit7,Hive
11842,ambit7,Hive
11843,imbit7,Hive
11844,dmbit7,Hive
11845,pmpeoplehardfinance,DB2
11846,ampeoplehardfinance,DB2
11847,impeoplehardfinance,DB2
11848,dmpeoplehardfinance,DB2
11849,pmsales mns,Sybase
11850,amsales mns,Sybase
11851,imsales mns,Sybase
11852,dmsales mns,Sybase
11853,pmipos,Oracle
11854,amipos,Oracle
11855,imipos,Oracle
11856,dmipos,Oracle
11857,pmlmoon,SQL Server
11858,amlmoon,Oracle
11859,imlmoon,Oracle
11860,dmlmoon,Oracle
11861,pmepickup web services,Oracle
11862,amepickup web services,SQL Server
11863,imepickup web services,SQL Server
11864,dmepickup web services,SQL Server
11865,pmbownus,SQL Server
11866,ambownus,Hive
11867,imbownus,Hive
11868,dmbownus,Hive
11869,pmgardor,Hive
11870,amgardor,DB2
11871,imgardor,DB2
11872,dmgardor,DB2
11873,pmticc analytics platform,DB2
11874,amticc analytics platform,Sybase
11875,imticc analytics platform,Sybase
11876,dmticc analytics platform,Sybase
11877,pmdgs - dfs,Sybase
11878,amdgs - dfs,Oracle
11879,imdgs - dfs,Oracle
11880,dmdgs - dfs,Oracle
11881,pmmailthat,Oracle
11882,ammailthat,SQL Server
11883,immailthat,SQL Server
11884,dmmailthat,SQL Server
11885,pmemployeedetriments,SQL Server
11886,amemployeedetriments,Hive
11887,imemployeedetriments,Hive
11888,dmemployeedetriments,Hive
11889,pmclaimdisadvantage,Hive
11890,amclaimdisadvantage,DB2
11891,imclaimdisadvantage,DB2
11892,dmclaimdisadvantage,DB2
11893,pmxxo,DB2
11894,amxxo,Sybase
11895,imxxo,Sybase
11896,dmxxo,Sybase
11897,pmyourvaya,Sybase
11898,amyourvaya,Oracle
11899,imyourvaya,Oracle
11900,dmyourvaya,Oracle
11901,pm1086 unpro,Oracle
11902,am1086 unpro,SQL Server
11903,im1086 unpro,SQL Server
11904,dm1086 unpro,SQL Server
11905,pnfind operations,SQL Server
11906,anfind operations,Hive
11907,infind operations,Hive
11908,dnfind operations,Hive
11909,pndatamatica,Hive
11910,andatamatica,DB2
11911,indatamatica,DB2
11912,dndatamatica,DB2
11913,pniwr,DB2
11914,aniwr,Sybase
11915,iniwr,Sybase
11916,dniwr,Sybase
11917,pndueces,Sybase
11918,andueces,Oracle
11919,indueces,Oracle
11920,dndueces,Oracle
11921,pnenrollment,Oracle
11922,anenrollment,SQL Server
11923,inenrollment,SQL Server
11924,dnenrollment,SQL Server
11925,pnvadur,SQL Server
11926,anvadur,Hive
11927,invadur,Oracle
11928,dnvadur,Oracle
11929,pnaccount decon,Oracle
11930,anaccount decon,Oracle
11931,inaccount decon,SQL Server
11932,dnaccount decon,SQL Server
11933,pnannuity prs,SQL Server
11934,anannuity prs,SQL Server
11935,inannuity prs,Hive
11936,dnannuity prs,Hive
11937,pngenesus,Hive
11938,angenesus,Hive
11939,ingenesus,DB2
11940,dngenesus,DB2
11941,pnpois,DB2
11942,anpois,DB2
11943,inpois,Sybase
11944,dnpois,Sybase
11945,pndata river,Sybase
11946,andata river,Sybase
11947,indata river,Oracle
11948,dndata river,Oracle
11949,pnsetthat,Oracle
11950,ansetthat,Oracle
11951,insetthat,SQL Server
11952,dnsetthat,SQL Server
11953,pnbit7,SQL Server
11954,anbit7,SQL Server
11955,inbit7,Hive
11956,dnbit7,Hive
11957,pnpeoplehardfinance,Hive
11958,anpeoplehardfinance,Hive
11959,inpeoplehardfinance,DB2
11960,dnpeoplehardfinance,DB2
11961,pnsales mns,DB2
11962,ansales mns,DB2
11963,insales mns,Sybase
11964,dnsales mns,Sybase
11965,pnipos,Sybase
11966,anipos,Sybase
11967,inipos,Oracle
11968,dnipos,Oracle
11969,pnlmoon,Oracle
11970,anlmoon,Oracle
11971,inlmoon,SQL Server
11972,dnlmoon,SQL Server
11973,pnepickup web services,SQL Server
11974,anepickup web services,SQL Server
11975,inepickup web services,Hive
11976,dnepickup web services,Hive
11977,pnbownus,Hive
11978,anbownus,Hive
11979,inbownus,DB2
11980,dnbownus,DB2
11981,pngardor,DB2
11982,angardor,DB2
11983,ingardor,Sybase
11984,dngardor,Sybase
11985,pnticc analytics platform,Sybase
11986,anticc analytics platform,Sybase
11987,inticc analytics platform,Oracle
11988,dnticc analytics platform,Oracle
11989,pndgs - dfs,Oracle
11990,andgs - dfs,Oracle
11991,indgs - dfs,SQL Server
11992,dndgs - dfs,SQL Server
11993,pnmailthat,SQL Server
11994,anmailthat,SQL Server
11995,inmailthat,Hive
11996,dnmailthat,Hive
11997,pnemployeedetriments,Hive
11998,anemployeedetriments,Hive
11999,inemployeedetriments,DB2
12000,dnemployeedetriments,DB2
12001,pnclaimdisadvantage,DB2
12002,anclaimdisadvantage,DB2
12003,inclaimdisadvantage,Sybase
12004,dnclaimdisadvantage,Sybase
12005,pnxxo,Sybase
12006,anxxo,Sybase
12007,inxxo,Oracle
12008,dnxxo,Oracle
12009,pnyourvaya,Oracle
12010,anyourvaya,Oracle
12011,inyourvaya,SQL Server
12012,dnyourvaya,SQL Server
12013,pn1086 unpro,SQL Server
12014,an1086 unpro,SQL Server
12015,in1086 unpro,Hive
12016,dn1086 unpro,Hive
12017,pofind operations,Hive
12018,aofind operations,Hive
12019,iofind operations,DB2
12020,dofind operations,DB2
12021,podatamatica,DB2
12022,aodatamatica,DB2
12023,iodatamatica,Sybase
12024,dodatamatica,Sybase
12025,poiwr,Sybase
12026,aoiwr,Sybase
12027,ioiwr,Oracle
12028,doiwr,Oracle
12029,podueces,Oracle
12030,aodueces,Oracle
12031,iodueces,SQL Server
12032,dodueces,SQL Server
12033,poenrollment,SQL Server
12034,aoenrollment,SQL Server
12035,ioenrollment,Hive
12036,doenrollment,Hive
12037,povadur,Hive
12038,aovadur,Hive
12039,iovadur,DB2
12040,dovadur,DB2
12041,poaccount decon,DB2
12042,aoaccount decon,DB2
12043,ioaccount decon,Sybase
12044,doaccount decon,Sybase
12045,poannuity prs,Sybase
12046,aoannuity prs,Sybase
12047,ioannuity prs,Oracle
12048,doannuity prs,Oracle
12049,pogenesus,Oracle
12050,aogenesus,Oracle
12051,iogenesus,SQL Server
12052,dogenesus,SQL Server
12053,popois,SQL Server
12054,aopois,SQL Server
12055,iopois,Hive
12056,dopois,Hive
12057,podata river,Hive
12058,aodata river,Hive
12059,iodata river,DB2
12060,dodata river,DB2
12061,posetthat,DB2
12062,aosetthat,DB2
12063,iosetthat,Sybase
12064,dosetthat,Sybase
12065,pobit7,Sybase
12066,aobit7,Sybase
12067,iobit7,Oracle
12068,dobit7,Oracle
12069,popeoplehardfinance,Oracle
12070,aopeoplehardfinance,Oracle
12071,iopeoplehardfinance,SQL Server
12072,dopeoplehardfinance,Oracle
12073,posales mns,Oracle
12074,aosales mns,Oracle
12075,iosales mns,Oracle
12076,dosales mns,SQL Server
12077,poipos,SQL Server
12078,aoipos,SQL Server
12079,ioipos,SQL Server
12080,doipos,Hive
12081,polmoon,Hive
12082,aolmoon,Hive
12083,iolmoon,Hive
12084,dolmoon,DB2
12085,poepickup web services,DB2
12086,aoepickup web services,DB2
12087,ioepickup web services,DB2
12088,doepickup web services,Sybase
12089,pobownus,Sybase
12090,aobownus,Sybase
12091,iobownus,Sybase
12092,dobownus,Oracle
12093,pogardor,Oracle
12094,aogardor,Oracle
12095,iogardor,Oracle
12096,dogardor,SQL Server
12097,poticc analytics platform,SQL Server
12098,aoticc analytics platform,SQL Server
12099,ioticc analytics platform,SQL Server
12100,doticc analytics platform,Hive
12101,podgs - dfs,Hive
12102,aodgs - dfs,Hive
12103,iodgs - dfs,Hive
12104,dodgs - dfs,DB2
12105,pomailthat,DB2
12106,aomailthat,DB2
12107,iomailthat,DB2
12108,domailthat,Sybase
12109,poemployeedetriments,Sybase
12110,aoemployeedetriments,Sybase
12111,ioemployeedetriments,Sybase
12112,doemployeedetriments,Oracle
12113,poclaimdisadvantage,Oracle
12114,aoclaimdisadvantage,Oracle
12115,ioclaimdisadvantage,Oracle
12116,doclaimdisadvantage,SQL Server
12117,poxxo,SQL Server
12118,aoxxo,SQL Server
12119,ioxxo,SQL Server
12120,doxxo,Hive
12121,poyourvaya,Hive
12122,aoyourvaya,Hive
12123,ioyourvaya,Hive
12124,doyourvaya,DB2
12125,po1086 unpro,DB2
12126,ao1086 unpro,DB2
12127,io1086 unpro,DB2
12128,do1086 unpro,Sybase
12129,ppfind operations,Sybase
12130,apfind operations,Sybase
12131,ipfind operations,Sybase
12132,dpfind operations,Oracle
12133,ppdatamatica,Oracle
12134,apdatamatica,Oracle
12135,ipdatamatica,Oracle
12136,dpdatamatica,SQL Server
12137,ppiwr,SQL Server
12138,apiwr,SQL Server
12139,ipiwr,SQL Server
12140,dpiwr,Hive
12141,ppdueces,Oracle
12142,apdueces,Oracle
12143,ipdueces,Oracle
12144,dpdueces,Oracle
12145,ppenrollment,SQL Server
12146,apenrollment,SQL Server
12147,ipenrollment,SQL Server
12148,dpenrollment,SQL Server
12149,ppvadur,Hive
12150,apvadur,Hive
12151,ipvadur,Hive
12152,dpvadur,Hive
12153,ppaccount decon,DB2
12154,apaccount decon,DB2
12155,ipaccount decon,DB2
12156,dpaccount decon,DB2
12157,ppannuity prs,Sybase
12158,apannuity prs,Sybase
12159,ipannuity prs,Sybase
12160,dpannuity prs,Sybase
12161,ppgenesus,Oracle
12162,apgenesus,Oracle
12163,ipgenesus,Oracle
12164,dpgenesus,Oracle
12165,pppois,SQL Server
12166,appois,SQL Server
12167,ippois,SQL Server
12168,dppois,SQL Server
12169,ppdata river,Hive
12170,apdata river,Hive
12171,ipdata river,Hive
12172,dpdata river,Hive
12173,ppsetthat,DB2
12174,apsetthat,DB2
12175,ipsetthat,DB2
12176,dpsetthat,DB2
12177,ppbit7,Sybase
12178,apbit7,Sybase
12179,ipbit7,Sybase
12180,dpbit7,Sybase
12181,pppeoplehardfinance,Oracle
12182,appeoplehardfinance,Oracle
12183,ippeoplehardfinance,Oracle
12184,dppeoplehardfinance,Oracle
12185,ppsales mns,SQL Server
12186,apsales mns,SQL Server
12187,ipsales mns,SQL Server
12188,dpsales mns,SQL Server
12189,ppipos,Hive
12190,apipos,Hive
12191,ipipos,Hive
12192,dpipos,Hive
12193,pplmoon,DB2
12194,aplmoon,DB2
12195,iplmoon,DB2
12196,dplmoon,DB2
12197,ppepickup web services,Sybase
12198,apepickup web services,Sybase
12199,ipepickup web services,Sybase
12200,dpepickup web services,Sybase
12201,ppbownus,Oracle
12202,apbownus,Oracle
12203,ipbownus,Oracle
12204,dpbownus,Oracle
12205,ppgardor,SQL Server
12206,apgardor,SQL Server
12207,ipgardor,SQL Server
12208,dpgardor,SQL Server
12209,ppticc analytics platform,Hive
12210,apticc analytics platform,Hive
12211,ipticc analytics platform,Hive
12212,dpticc analytics platform,Hive
12213,ppdgs - dfs,DB2
12214,apdgs - dfs,DB2
12215,ipdgs - dfs,DB2
12216,dpdgs - dfs,DB2
12217,ppmailthat,Sybase
12218,apmailthat,Sybase
12219,ipmailthat,Sybase
12220,dpmailthat,Sybase
12221,ppemployeedetriments,Oracle
12222,apemployeedetriments,Oracle
12223,ipemployeedetriments,Oracle
12224,dpemployeedetriments,Oracle
12225,ppclaimdisadvantage,SQL Server
12226,apclaimdisadvantage,SQL Server
12227,ipclaimdisadvantage,SQL Server
12228,dpclaimdisadvantage,SQL Server
12229,ppxxo,Hive
12230,apxxo,Hive
12231,ipxxo,Hive
12232,dpxxo,Hive
12233,ppyourvaya,DB2
12234,apyourvaya,DB2
12235,ipyourvaya,DB2
12236,dpyourvaya,DB2
12237,pp1086 unpro,Sybase
12238,ap1086 unpro,Sybase
12239,ip1086 unpro,Sybase
12240,dp1086 unpro,Sybase
12241,pqfind operations,Oracle
12242,aqfind operations,Oracle
12243,iqfind operations,Oracle
12244,dqfind operations,Oracle
12245,pqdatamatica,SQL Server
12246,aqdatamatica,SQL Server
12247,iqdatamatica,SQL Server
12248,dqdatamatica,SQL Server
12249,pqiwr,Hive
12250,aqiwr,Hive
12251,iqiwr,Hive
12252,dqiwr,Hive
12253,pqdueces,DB2
12254,aqdueces,DB2
12255,iqdueces,DB2
12256,dqdueces,DB2
12257,pqenrollment,Sybase
12258,aqenrollment,Sybase
12259,iqenrollment,Sybase
12260,dqenrollment,Sybase
12261,pqvadur,Oracle
12262,aqvadur,Oracle
12263,iqvadur,Oracle
12264,dqvadur,Oracle
12265,pqaccount decon,SQL Server
12266,aqaccount decon,SQL Server
12267,iqaccount decon,SQL Server
12268,dqaccount decon,SQL Server
12269,pqannuity prs,Hive
12270,aqannuity prs,Hive
12271,iqannuity prs,Hive
12272,dqannuity prs,Hive
12273,pqgenesus,DB2
12274,aqgenesus,DB2
12275,iqgenesus,DB2
12276,dqgenesus,DB2
12277,pqpois,Sybase
12278,aqpois,Sybase
12279,iqpois,Sybase
12280,dqpois,Sybase
12281,pqdata river,Oracle
12282,aqdata river,Oracle
12283,iqdata river,Oracle
12284,dqdata river,Oracle
12285,pqsetthat,SQL Server
12286,aqsetthat,Oracle
12287,iqsetthat,Oracle
12288,dqsetthat,Oracle
12289,pqbit7,Oracle
12290,aqbit7,SQL Server
12291,iqbit7,SQL Server
12292,dqbit7,SQL Server
12293,pqpeoplehardfinance,SQL Server
12294,aqpeoplehardfinance,Hive
12295,iqpeoplehardfinance,Hive
12296,dqpeoplehardfinance,Hive
12297,pqsales mns,Hive
12298,aqsales mns,DB2
12299,iqsales mns,DB2
12300,dqsales mns,DB2
12301,pqipos,DB2
12302,aqipos,Sybase
12303,iqipos,Sybase
12304,dqipos,Sybase
12305,pqlmoon,Sybase
12306,aqlmoon,Oracle
12307,iqlmoon,Oracle
12308,dqlmoon,Oracle
12309,pqepickup web services,Oracle
12310,aqepickup web services,SQL Server
12311,iqepickup web services,SQL Server
12312,dqepickup web services,SQL Server
12313,pqbownus,SQL Server
12314,aqbownus,Hive
12315,iqbownus,Hive
12316,dqbownus,Hive
12317,pqgardor,Hive
12318,aqgardor,DB2
12319,iqgardor,DB2
12320,dqgardor,DB2
12321,pqticc analytics platform,DB2
12322,aqticc analytics platform,Sybase
12323,iqticc analytics platform,Sybase
12324,dqticc analytics platform,Sybase
12325,pqdgs - dfs,Sybase
12326,aqdgs - dfs,Oracle
12327,iqdgs - dfs,Oracle
12328,dqdgs - dfs,Oracle
12329,pqmailthat,Oracle
12330,aqmailthat,SQL Server
12331,iqmailthat,SQL Server
12332,dqmailthat,SQL Server
12333,pqemployeedetriments,SQL Server
12334,aqemployeedetriments,Hive
12335,iqemployeedetriments,Hive
12336,dqemployeedetriments,Hive
12337,pqclaimdisadvantage,Hive
12338,aqclaimdisadvantage,DB2
12339,iqclaimdisadvantage,DB2
12340,dqclaimdisadvantage,DB2
12341,pqxxo,DB2
12342,aqxxo,Sybase
12343,iqxxo,Sybase
12344,dqxxo,Sybase
12345,pqyourvaya,Sybase
12346,aqyourvaya,Oracle
12347,iqyourvaya,Oracle
12348,dqyourvaya,Oracle
12349,pq1086 unpro,Oracle
12350,aq1086 unpro,SQL Server
12351,iq1086 unpro,SQL Server
12352,dq1086 unpro,SQL Server
12353,prfind operations,SQL Server
12354,arfind operations,Hive
12355,irfind operations,Oracle
12356,drfind operations,Oracle
12357,prdatamatica,Oracle
12358,ardatamatica,Oracle
12359,irdatamatica,SQL Server
12360,drdatamatica,SQL Server
12361,priwr,SQL Server
12362,ariwr,SQL Server
12363,iriwr,Hive
12364,driwr,Hive
12365,prdueces,Hive
12366,ardueces,Hive
12367,irdueces,DB2
12368,drdueces,DB2
12369,prenrollment,DB2
12370,arenrollment,DB2
12371,irenrollment,Sybase
12372,drenrollment,Sybase
12373,prvadur,Sybase
12374,arvadur,Sybase
12375,irvadur,Oracle
12376,drvadur,Oracle
12377,praccount decon,Oracle
12378,araccount decon,Oracle
12379,iraccount decon,SQL Server
12380,draccount decon,SQL Server
12381,prannuity prs,SQL Server
12382,arannuity prs,SQL Server
12383,irannuity prs,Hive
12384,drannuity prs,Hive
12385,prgenesus,Hive
12386,argenesus,Hive
12387,irgenesus,DB2
12388,drgenesus,DB2
12389,prpois,DB2
12390,arpois,DB2
12391,irpois,Sybase
12392,drpois,Sybase
12393,prdata river,Sybase
12394,ardata river,Sybase
12395,irdata river,Oracle
12396,drdata river,Oracle
12397,prsetthat,Oracle
12398,arsetthat,Oracle
12399,irsetthat,SQL Server
12400,drsetthat,SQL Server
12401,prbit7,SQL Server
12402,arbit7,SQL Server
12403,irbit7,Hive
12404,drbit7,Hive
12405,prpeoplehardfinance,Hive
12406,arpeoplehardfinance,Hive
12407,irpeoplehardfinance,DB2
12408,drpeoplehardfinance,DB2
12409,prsales mns,DB2
12410,arsales mns,DB2
12411,irsales mns,Sybase
12412,drsales mns,Sybase
12413,pripos,Sybase
12414,aripos,Sybase
12415,iripos,Oracle
12416,dripos,Oracle
12417,prlmoon,Oracle
12418,arlmoon,Oracle
12419,irlmoon,SQL Server
12420,drlmoon,SQL Server
12421,prepickup web services,SQL Server
12422,arepickup web services,SQL Server
12423,irepickup web services,Hive
12424,drepickup web services,Hive
12425,prbownus,Hive
12426,arbownus,Hive
12427,irbownus,DB2
12428,drbownus,DB2
12429,prgardor,DB2
12430,argardor,DB2
12431,irgardor,Sybase
12432,drgardor,Sybase
12433,prticc analytics platform,Sybase
12434,articc analytics platform,Sybase
12435,irticc analytics platform,Oracle
12436,drticc analytics platform,Oracle
12437,prdgs - dfs,Oracle
12438,ardgs - dfs,Oracle
12439,irdgs - dfs,SQL Server
12440,drdgs - dfs,SQL Server
12441,prmailthat,SQL Server
12442,armailthat,SQL Server
12443,irmailthat,Hive
12444,drmailthat,Hive
12445,premployeedetriments,Hive
12446,aremployeedetriments,Hive
12447,iremployeedetriments,DB2
12448,dremployeedetriments,DB2
12449,prclaimdisadvantage,DB2
12450,arclaimdisadvantage,DB2
12451,irclaimdisadvantage,Sybase
12452,drclaimdisadvantage,Sybase
12453,prxxo,Sybase
12454,arxxo,Sybase
12455,irxxo,Oracle
12456,drxxo,Oracle
12457,pryourvaya,Oracle
12458,aryourvaya,Oracle
12459,iryourvaya,SQL Server
12460,dryourvaya,SQL Server
12461,pr1086 unpro,SQL Server
12462,ar1086 unpro,SQL Server
12463,ir1086 unpro,Hive
12464,dr1086 unpro,Hive
12465,psfind operations,Hive
12466,asfind operations,Hive
12467,isfind operations,DB2
12468,dsfind operations,DB2
12469,psdatamatica,DB2
12470,asdatamatica,DB2
12471,isdatamatica,Sybase
12472,dsdatamatica,Sybase
12473,psiwr,Sybase
12474,asiwr,Sybase
12475,isiwr,Oracle
12476,dsiwr,Oracle
12477,psdueces,Oracle
12478,asdueces,Oracle
12479,isdueces,SQL Server
12480,dsdueces,SQL Server
12481,psenrollment,SQL Server
12482,asenrollment,SQL Server
12483,isenrollment,Hive
12484,dsenrollment,Hive
12485,psvadur,Hive
12486,asvadur,Hive
12487,isvadur,DB2
12488,dsvadur,DB2
12489,psaccount decon,DB2
12490,asaccount decon,DB2
12491,isaccount decon,Sybase
12492,dsaccount decon,Sybase
12493,psannuity prs,Sybase
12494,asannuity prs,Sybase
12495,isannuity prs,Oracle
12496,dsannuity prs,Oracle
12497,psgenesus,Oracle
12498,asgenesus,Oracle
12499,isgenesus,SQL Server
12500,dsgenesus,Oracle
12501,pspois,Oracle
12502,aspois,Oracle
12503,ispois,Oracle
12504,dspois,SQL Server
12505,psdata river,SQL Server
12506,asdata river,SQL Server
12507,isdata river,SQL Server
12508,dsdata river,Hive
12509,pssetthat,Hive
12510,assetthat,Hive
12511,issetthat,Hive
12512,dssetthat,DB2
12513,psbit7,DB2
12514,asbit7,DB2
12515,isbit7,DB2
12516,dsbit7,Sybase
12517,pspeoplehardfinance,Sybase
12518,aspeoplehardfinance,Sybase
12519,ispeoplehardfinance,Sybase
12520,dspeoplehardfinance,Oracle
12521,pssales mns,Oracle
12522,assales mns,Oracle
12523,issales mns,Oracle
12524,dssales mns,SQL Server
12525,psipos,SQL Server
12526,asipos,SQL Server
12527,isipos,SQL Server
12528,dsipos,Hive
12529,pslmoon,Hive
12530,aslmoon,Hive
12531,islmoon,Hive
12532,dslmoon,DB2
12533,psepickup web services,DB2
12534,asepickup web services,DB2
12535,isepickup web services,DB2
12536,dsepickup web services,Sybase
12537,psbownus,Sybase
12538,asbownus,Sybase
12539,isbownus,Sybase
12540,dsbownus,Oracle
12541,psgardor,Oracle
12542,asgardor,Oracle
12543,isgardor,Oracle
12544,dsgardor,SQL Server
12545,psticc analytics platform,SQL Server
12546,asticc analytics platform,SQL Server
12547,isticc analytics platform,SQL Server
12548,dsticc analytics platform,Hive
12549,psdgs - dfs,Hive
12550,asdgs - dfs,Hive
12551,isdgs - dfs,Hive
12552,dsdgs - dfs,DB2
12553,psmailthat,DB2
12554,asmailthat,DB2
12555,ismailthat,DB2
12556,dsmailthat,Sybase
12557,psemployeedetriments,Sybase
12558,asemployeedetriments,Sybase
12559,isemployeedetriments,Sybase
12560,dsemployeedetriments,Oracle
12561,psclaimdisadvantage,Oracle
12562,asclaimdisadvantage,Oracle
12563,isclaimdisadvantage,Oracle
12564,dsclaimdisadvantage,SQL Server
12565,psxxo,SQL Server
12566,asxxo,SQL Server
12567,isxxo,SQL Server
12568,dsxxo,Hive
12569,psyourvaya,Oracle
12570,asyourvaya,Oracle
12571,isyourvaya,Oracle
12572,dsyourvaya,Oracle
12573,ps1086 unpro,SQL Server
12574,as1086 unpro,SQL Server
12575,is1086 unpro,SQL Server
12576,ds1086 unpro,SQL Server
