EnvironmentID:ID,Name,:LABEL
1000,Production,Environment
1001,Acceptance,Environment
1002,Integ,Environment
1003,Development,Environment
1004,Production,Environment
1005,Acceptance,Environment
1006,Integ,Environment
1007,Development,Environment
1008,Production,Environment
1009,Acceptance,Environment
1010,Integ,Environment
1011,Development,Environment
1012,Production,Environment
1013,Acceptance,Environment
1014,Integ,Environment
1015,Development,Environment
1016,Production,Environment
1017,Acceptance,Environment
1018,Integ,Environment
1019,Development,Environment
1020,Production,Environment
1021,Acceptance,Environment
1022,Integ,Environment
1023,Development,Environment
1024,Production,Environment
1025,Acceptance,Environment
1026,Integ,Environment
1027,Development,Environment
1028,Production,Environment
1029,Acceptance,Environment
1030,Integ,Environment
1031,Development,Environment
1032,Production,Environment
1033,Acceptance,Environment
1034,Integ,Environment
1035,Development,Environment
1036,Production,Environment
1037,Acceptance,Environment
1038,Integ,Environment
1039,Development,Environment
1040,Production,Environment
1041,Acceptance,Environment
1042,Integ,Environment
1043,Development,Environment
1044,Production,Environment
1045,Acceptance,Environment
1046,Integ,Environment
1047,Development,Environment
1048,Production,Environment
1049,Acceptance,Environment
1050,Integ,Environment
1051,Development,Environment
1052,Production,Environment
1053,Acceptance,Environment
1054,Integ,Environment
1055,Development,Environment
1056,Production,Environment
1057,Acceptance,Environment
1058,Integ,Environment
1059,Development,Environment
1060,Production,Environment
1061,Acceptance,Environment
1062,Integ,Environment
1063,Development,Environment
1064,Production,Environment
1065,Acceptance,Environment
1066,Integ,Environment
1067,Development,Environment
1068,Production,Environment
1069,Acceptance,Environment
1070,Integ,Environment
1071,Development,Environment
1072,Production,Environment
1073,Acceptance,Environment
1074,Integ,Environment
1075,Development,Environment
1076,Production,Environment
1077,Acceptance,Environment
1078,Integ,Environment
1079,Development,Environment
1080,Production,Environment
1081,Acceptance,Environment
1082,Integ,Environment
1083,Development,Environment
1084,Production,Environment
1085,Acceptance,Environment
1086,Integ,Environment
1087,Development,Environment
1088,Production,Environment
1089,Acceptance,Environment
1090,Integ,Environment
1091,Development,Environment
1092,Production,Environment
1093,Acceptance,Environment
1094,Integ,Environment
1095,Development,Environment
1096,Production,Environment
1097,Acceptance,Environment
1098,Integ,Environment
1099,Development,Environment
1100,Production,Environment
1101,Acceptance,Environment
1102,Integ,Environment
1103,Development,Environment
1104,Production,Environment
1105,Acceptance,Environment
1106,Integ,Environment
1107,Development,Environment
1108,Production,Environment
1109,Acceptance,Environment
1110,Integ,Environment
1111,Development,Environment
1112,Production,Environment
1113,Acceptance,Environment
1114,Integ,Environment
1115,Development,Environment
1116,Production,Environment
1117,Acceptance,Environment
1118,Integ,Environment
1119,Development,Environment
1120,Production,Environment
1121,Acceptance,Environment
1122,Integ,Environment
1123,Development,Environment
1124,Production,Environment
1125,Acceptance,Environment
1126,Integ,Environment
1127,Development,Environment
1128,Production,Environment
1129,Acceptance,Environment
1130,Integ,Environment
1131,Development,Environment
1132,Production,Environment
1133,Acceptance,Environment
1134,Integ,Environment
1135,Development,Environment
1136,Production,Environment
1137,Acceptance,Environment
1138,Integ,Environment
1139,Development,Environment
1140,Production,Environment
1141,Acceptance,Environment
1142,Integ,Environment
1143,Development,Environment
1144,Production,Environment
1145,Acceptance,Environment
1146,Integ,Environment
1147,Development,Environment
1148,Production,Environment
1149,Acceptance,Environment
1150,Integ,Environment
1151,Development,Environment
1152,Production,Environment
1153,Acceptance,Environment
1154,Integ,Environment
1155,Development,Environment
1156,Production,Environment
1157,Acceptance,Environment
1158,Integ,Environment
1159,Development,Environment
1160,Production,Environment
1161,Acceptance,Environment
1162,Integ,Environment
1163,Development,Environment
1164,Production,Environment
1165,Acceptance,Environment
1166,Integ,Environment
1167,Development,Environment
1168,Production,Environment
1169,Acceptance,Environment
1170,Integ,Environment
1171,Development,Environment
1172,Production,Environment
1173,Acceptance,Environment
1174,Integ,Environment
1175,Development,Environment
1176,Production,Environment
1177,Acceptance,Environment
1178,Integ,Environment
1179,Development,Environment
1180,Production,Environment
1181,Acceptance,Environment
1182,Integ,Environment
1183,Development,Environment
1184,Production,Environment
1185,Acceptance,Environment
1186,Integ,Environment
1187,Development,Environment
1188,Production,Environment
1189,Acceptance,Environment
1190,Integ,Environment
1191,Development,Environment
1192,Production,Environment
1193,Acceptance,Environment
1194,Integ,Environment
1195,Development,Environment
1196,Production,Environment
1197,Acceptance,Environment
1198,Integ,Environment
1199,Development,Environment
1200,Production,Environment
1201,Acceptance,Environment
1202,Integ,Environment
1203,Development,Environment
1204,Production,Environment
1205,Acceptance,Environment
1206,Integ,Environment
1207,Development,Environment
1208,Production,Environment
1209,Acceptance,Environment
1210,Integ,Environment
1211,Development,Environment
1212,Production,Environment
1213,Acceptance,Environment
1214,Integ,Environment
1215,Development,Environment
1216,Production,Environment
1217,Acceptance,Environment
1218,Integ,Environment
1219,Development,Environment
1220,Production,Environment
1221,Acceptance,Environment
1222,Integ,Environment
1223,Development,Environment
1224,Production,Environment
1225,Acceptance,Environment
1226,Integ,Environment
1227,Development,Environment
1228,Production,Environment
1229,Acceptance,Environment
1230,Integ,Environment
1231,Development,Environment
1232,Production,Environment
1233,Acceptance,Environment
1234,Integ,Environment
1235,Development,Environment
1236,Production,Environment
1237,Acceptance,Environment
1238,Integ,Environment
1239,Development,Environment
1240,Production,Environment
1241,Acceptance,Environment
1242,Integ,Environment
1243,Development,Environment
1244,Production,Environment
1245,Acceptance,Environment
1246,Integ,Environment
1247,Development,Environment
1248,Production,Environment
1249,Acceptance,Environment
1250,Integ,Environment
1251,Development,Environment
1252,Production,Environment
1253,Acceptance,Environment
1254,Integ,Environment
1255,Development,Environment
1256,Production,Environment
1257,Acceptance,Environment
1258,Integ,Environment
1259,Development,Environment
1260,Production,Environment
1261,Acceptance,Environment
1262,Integ,Environment
1263,Development,Environment
1264,Production,Environment
1265,Acceptance,Environment
1266,Integ,Environment
1267,Development,Environment
1268,Production,Environment
1269,Acceptance,Environment
1270,Integ,Environment
1271,Development,Environment
1272,Production,Environment
1273,Acceptance,Environment
1274,Integ,Environment
1275,Development,Environment
1276,Production,Environment
1277,Acceptance,Environment
1278,Integ,Environment
1279,Development,Environment
1280,Production,Environment
1281,Acceptance,Environment
1282,Integ,Environment
1283,Development,Environment
1284,Production,Environment
1285,Acceptance,Environment
1286,Integ,Environment
1287,Development,Environment
1288,Production,Environment
1289,Acceptance,Environment
1290,Integ,Environment
1291,Development,Environment
1292,Production,Environment
1293,Acceptance,Environment
1294,Integ,Environment
1295,Development,Environment
1296,Production,Environment
1297,Acceptance,Environment
1298,Integ,Environment
1299,Development,Environment
1300,Production,Environment
1301,Acceptance,Environment
1302,Integ,Environment
1303,Development,Environment
1304,Production,Environment
1305,Acceptance,Environment
1306,Integ,Environment
1307,Development,Environment
1308,Production,Environment
1309,Acceptance,Environment
1310,Integ,Environment
1311,Development,Environment
1312,Production,Environment
1313,Acceptance,Environment
1314,Integ,Environment
1315,Development,Environment
1316,Production,Environment
1317,Acceptance,Environment
1318,Integ,Environment
1319,Development,Environment
1320,Production,Environment
1321,Acceptance,Environment
1322,Integ,Environment
1323,Development,Environment
1324,Production,Environment
1325,Acceptance,Environment
1326,Integ,Environment
1327,Development,Environment
1328,Production,Environment
1329,Acceptance,Environment
1330,Integ,Environment
1331,Development,Environment
1332,Production,Environment
1333,Acceptance,Environment
1334,Integ,Environment
1335,Development,Environment
1336,Production,Environment
1337,Acceptance,Environment
1338,Integ,Environment
1339,Development,Environment
1340,Production,Environment
1341,Acceptance,Environment
1342,Integ,Environment
1343,Development,Environment
1344,Production,Environment
1345,Acceptance,Environment
1346,Integ,Environment
1347,Development,Environment
1348,Production,Environment
1349,Acceptance,Environment
1350,Integ,Environment
1351,Development,Environment
1352,Production,Environment
1353,Acceptance,Environment
1354,Integ,Environment
1355,Development,Environment
1356,Production,Environment
1357,Acceptance,Environment
1358,Integ,Environment
1359,Development,Environment
1360,Production,Environment
1361,Acceptance,Environment
1362,Integ,Environment
1363,Development,Environment
1364,Production,Environment
1365,Acceptance,Environment
1366,Integ,Environment
1367,Development,Environment
1368,Production,Environment
1369,Acceptance,Environment
1370,Integ,Environment
1371,Development,Environment
1372,Production,Environment
1373,Acceptance,Environment
1374,Integ,Environment
1375,Development,Environment
1376,Production,Environment
1377,Acceptance,Environment
1378,Integ,Environment
1379,Development,Environment
1380,Production,Environment
1381,Acceptance,Environment
1382,Integ,Environment
1383,Development,Environment
1384,Production,Environment
1385,Acceptance,Environment
1386,Integ,Environment
1387,Development,Environment
1388,Production,Environment
1389,Acceptance,Environment
1390,Integ,Environment
1391,Development,Environment
1392,Production,Environment
1393,Acceptance,Environment
1394,Integ,Environment
1395,Development,Environment
1396,Production,Environment
1397,Acceptance,Environment
1398,Integ,Environment
1399,Development,Environment
1400,Production,Environment
1401,Acceptance,Environment
1402,Integ,Environment
1403,Development,Environment
1404,Production,Environment
1405,Acceptance,Environment
1406,Integ,Environment
1407,Development,Environment
1408,Production,Environment
1409,Acceptance,Environment
1410,Integ,Environment
1411,Development,Environment
1412,Production,Environment
1413,Acceptance,Environment
1414,Integ,Environment
1415,Development,Environment
1416,Production,Environment
1417,Acceptance,Environment
1418,Integ,Environment
1419,Development,Environment
1420,Production,Environment
1421,Acceptance,Environment
1422,Integ,Environment
1423,Development,Environment
1424,Production,Environment
1425,Acceptance,Environment
1426,Integ,Environment
1427,Development,Environment
1428,Production,Environment
1429,Acceptance,Environment
1430,Integ,Environment
1431,Development,Environment
1432,Production,Environment
1433,Acceptance,Environment
1434,Integ,Environment
1435,Development,Environment
1436,Production,Environment
1437,Acceptance,Environment
1438,Integ,Environment
1439,Development,Environment
1440,Production,Environment
1441,Acceptance,Environment
1442,Integ,Environment
1443,Development,Environment
1444,Production,Environment
1445,Acceptance,Environment
1446,Integ,Environment
1447,Development,Environment
1448,Production,Environment
1449,Acceptance,Environment
1450,Integ,Environment
1451,Development,Environment
1452,Production,Environment
1453,Acceptance,Environment
1454,Integ,Environment
1455,Development,Environment
1456,Production,Environment
1457,Acceptance,Environment
1458,Integ,Environment
1459,Development,Environment
1460,Production,Environment
1461,Acceptance,Environment
1462,Integ,Environment
1463,Development,Environment
1464,Production,Environment
1465,Acceptance,Environment
1466,Integ,Environment
1467,Development,Environment
1468,Production,Environment
1469,Acceptance,Environment
1470,Integ,Environment
1471,Development,Environment
1472,Production,Environment
1473,Acceptance,Environment
1474,Integ,Environment
1475,Development,Environment
1476,Production,Environment
1477,Acceptance,Environment
1478,Integ,Environment
1479,Development,Environment
1480,Production,Environment
1481,Acceptance,Environment
1482,Integ,Environment
1483,Development,Environment
1484,Production,Environment
1485,Acceptance,Environment
1486,Integ,Environment
1487,Development,Environment
1488,Production,Environment
1489,Acceptance,Environment
1490,Integ,Environment
1491,Development,Environment
1492,Production,Environment
1493,Acceptance,Environment
1494,Integ,Environment
1495,Development,Environment
1496,Production,Environment
1497,Acceptance,Environment
1498,Integ,Environment
1499,Development,Environment
1500,Production,Environment
1501,Acceptance,Environment
1502,Integ,Environment
1503,Development,Environment
1504,Production,Environment
1505,Acceptance,Environment
1506,Integ,Environment
1507,Development,Environment
1508,Production,Environment
1509,Acceptance,Environment
1510,Integ,Environment
1511,Development,Environment
1512,Production,Environment
1513,Acceptance,Environment
1514,Integ,Environment
1515,Development,Environment
1516,Production,Environment
1517,Acceptance,Environment
1518,Integ,Environment
1519,Development,Environment
1520,Production,Environment
1521,Acceptance,Environment
1522,Integ,Environment
1523,Development,Environment
1524,Production,Environment
1525,Acceptance,Environment
1526,Integ,Environment
1527,Development,Environment
1528,Production,Environment
1529,Acceptance,Environment
1530,Integ,Environment
1531,Development,Environment
1532,Production,Environment
1533,Acceptance,Environment
1534,Integ,Environment
1535,Development,Environment
1536,Production,Environment
1537,Acceptance,Environment
1538,Integ,Environment
1539,Development,Environment
1540,Production,Environment
1541,Acceptance,Environment
1542,Integ,Environment
1543,Development,Environment
1544,Production,Environment
1545,Acceptance,Environment
1546,Integ,Environment
1547,Development,Environment
1548,Production,Environment
1549,Acceptance,Environment
1550,Integ,Environment
1551,Development,Environment
1552,Production,Environment
1553,Acceptance,Environment
1554,Integ,Environment
1555,Development,Environment
1556,Production,Environment
1557,Acceptance,Environment
1558,Integ,Environment
1559,Development,Environment
1560,Production,Environment
1561,Acceptance,Environment
1562,Integ,Environment
1563,Development,Environment
1564,Production,Environment
1565,Acceptance,Environment
1566,Integ,Environment
1567,Development,Environment
1568,Production,Environment
1569,Acceptance,Environment
1570,Integ,Environment
1571,Development,Environment
1572,Production,Environment
1573,Acceptance,Environment
1574,Integ,Environment
1575,Development,Environment
1576,Production,Environment
1577,Acceptance,Environment
1578,Integ,Environment
1579,Development,Environment
1580,Production,Environment
1581,Acceptance,Environment
1582,Integ,Environment
1583,Development,Environment
1584,Production,Environment
1585,Acceptance,Environment
1586,Integ,Environment
1587,Development,Environment
1588,Production,Environment
1589,Acceptance,Environment
1590,Integ,Environment
1591,Development,Environment
1592,Production,Environment
1593,Acceptance,Environment
1594,Integ,Environment
1595,Development,Environment
1596,Production,Environment
1597,Acceptance,Environment
1598,Integ,Environment
1599,Development,Environment
1600,Production,Environment
1601,Acceptance,Environment
1602,Integ,Environment
1603,Development,Environment
1604,Production,Environment
1605,Acceptance,Environment
1606,Integ,Environment
1607,Development,Environment
1608,Production,Environment
1609,Acceptance,Environment
1610,Integ,Environment
1611,Development,Environment
1612,Production,Environment
1613,Acceptance,Environment
1614,Integ,Environment
1615,Development,Environment
1616,Production,Environment
1617,Acceptance,Environment
1618,Integ,Environment
1619,Development,Environment
1620,Production,Environment
1621,Acceptance,Environment
1622,Integ,Environment
1623,Development,Environment
1624,Production,Environment
1625,Acceptance,Environment
1626,Integ,Environment
1627,Development,Environment
1628,Production,Environment
1629,Acceptance,Environment
1630,Integ,Environment
1631,Development,Environment
1632,Production,Environment
1633,Acceptance,Environment
1634,Integ,Environment
1635,Development,Environment
1636,Production,Environment
1637,Acceptance,Environment
1638,Integ,Environment
1639,Development,Environment
1640,Production,Environment
1641,Acceptance,Environment
1642,Integ,Environment
1643,Development,Environment
1644,Production,Environment
1645,Acceptance,Environment
1646,Integ,Environment
1647,Development,Environment
1648,Production,Environment
1649,Acceptance,Environment
1650,Integ,Environment
1651,Development,Environment
1652,Production,Environment
1653,Acceptance,Environment
1654,Integ,Environment
1655,Development,Environment
1656,Production,Environment
1657,Acceptance,Environment
1658,Integ,Environment
1659,Development,Environment
1660,Production,Environment
1661,Acceptance,Environment
1662,Integ,Environment
1663,Development,Environment
1664,Production,Environment
1665,Acceptance,Environment
1666,Integ,Environment
1667,Development,Environment
1668,Production,Environment
1669,Acceptance,Environment
1670,Integ,Environment
1671,Development,Environment
1672,Production,Environment
1673,Acceptance,Environment
1674,Integ,Environment
1675,Development,Environment
1676,Production,Environment
1677,Acceptance,Environment
1678,Integ,Environment
1679,Development,Environment
1680,Production,Environment
1681,Acceptance,Environment
1682,Integ,Environment
1683,Development,Environment
1684,Production,Environment
1685,Acceptance,Environment
1686,Integ,Environment
1687,Development,Environment
1688,Production,Environment
1689,Acceptance,Environment
1690,Integ,Environment
1691,Development,Environment
1692,Production,Environment
1693,Acceptance,Environment
1694,Integ,Environment
1695,Development,Environment
1696,Production,Environment
1697,Acceptance,Environment
1698,Integ,Environment
1699,Development,Environment
1700,Production,Environment
1701,Acceptance,Environment
1702,Integ,Environment
1703,Development,Environment
1704,Production,Environment
1705,Acceptance,Environment
1706,Integ,Environment
1707,Development,Environment
1708,Production,Environment
1709,Acceptance,Environment
1710,Integ,Environment
1711,Development,Environment
1712,Production,Environment
1713,Acceptance,Environment
1714,Integ,Environment
1715,Development,Environment
1716,Production,Environment
1717,Acceptance,Environment
1718,Integ,Environment
1719,Development,Environment
1720,Production,Environment
1721,Acceptance,Environment
1722,Integ,Environment
1723,Development,Environment
1724,Production,Environment
1725,Acceptance,Environment
1726,Integ,Environment
1727,Development,Environment
1728,Production,Environment
1729,Acceptance,Environment
1730,Integ,Environment
1731,Development,Environment
1732,Production,Environment
1733,Acceptance,Environment
1734,Integ,Environment
1735,Development,Environment
1736,Production,Environment
1737,Acceptance,Environment
1738,Integ,Environment
1739,Development,Environment
1740,Production,Environment
1741,Acceptance,Environment
1742,Integ,Environment
1743,Development,Environment
1744,Production,Environment
1745,Acceptance,Environment
1746,Integ,Environment
1747,Development,Environment
1748,Production,Environment
1749,Acceptance,Environment
1750,Integ,Environment
1751,Development,Environment
1752,Production,Environment
1753,Acceptance,Environment
1754,Integ,Environment
1755,Development,Environment
1756,Production,Environment
1757,Acceptance,Environment
1758,Integ,Environment
1759,Development,Environment
1760,Production,Environment
1761,Acceptance,Environment
1762,Integ,Environment
1763,Development,Environment
1764,Production,Environment
1765,Acceptance,Environment
1766,Integ,Environment
1767,Development,Environment
1768,Production,Environment
1769,Acceptance,Environment
1770,Integ,Environment
1771,Development,Environment
1772,Production,Environment
1773,Acceptance,Environment
1774,Integ,Environment
1775,Development,Environment
1776,Production,Environment
1777,Acceptance,Environment
1778,Integ,Environment
1779,Development,Environment
1780,Production,Environment
1781,Acceptance,Environment
1782,Integ,Environment
1783,Development,Environment
1784,Production,Environment
1785,Acceptance,Environment
1786,Integ,Environment
1787,Development,Environment
1788,Production,Environment
1789,Acceptance,Environment
1790,Integ,Environment
1791,Development,Environment
1792,Production,Environment
1793,Acceptance,Environment
1794,Integ,Environment
1795,Development,Environment
1796,Production,Environment
1797,Acceptance,Environment
1798,Integ,Environment
1799,Development,Environment
1800,Production,Environment
1801,Acceptance,Environment
1802,Integ,Environment
1803,Development,Environment
1804,Production,Environment
1805,Acceptance,Environment
1806,Integ,Environment
1807,Development,Environment
1808,Production,Environment
1809,Acceptance,Environment
1810,Integ,Environment
1811,Development,Environment
1812,Production,Environment
1813,Acceptance,Environment
1814,Integ,Environment
1815,Development,Environment
1816,Production,Environment
1817,Acceptance,Environment
1818,Integ,Environment
1819,Development,Environment
1820,Production,Environment
1821,Acceptance,Environment
1822,Integ,Environment
1823,Development,Environment
1824,Production,Environment
1825,Acceptance,Environment
1826,Integ,Environment
1827,Development,Environment
1828,Production,Environment
1829,Acceptance,Environment
1830,Integ,Environment
1831,Development,Environment
1832,Production,Environment
1833,Acceptance,Environment
1834,Integ,Environment
1835,Development,Environment
1836,Production,Environment
1837,Acceptance,Environment
1838,Integ,Environment
1839,Development,Environment
1840,Production,Environment
1841,Acceptance,Environment
1842,Integ,Environment
1843,Development,Environment
1844,Production,Environment
1845,Acceptance,Environment
1846,Integ,Environment
1847,Development,Environment
1848,Production,Environment
1849,Acceptance,Environment
1850,Integ,Environment
1851,Development,Environment
1852,Production,Environment
1853,Acceptance,Environment
1854,Integ,Environment
1855,Development,Environment
1856,Production,Environment
1857,Acceptance,Environment
1858,Integ,Environment
1859,Development,Environment
1860,Production,Environment
1861,Acceptance,Environment
1862,Integ,Environment
1863,Development,Environment
1864,Production,Environment
1865,Acceptance,Environment
1866,Integ,Environment
1867,Development,Environment
1868,Production,Environment
1869,Acceptance,Environment
1870,Integ,Environment
1871,Development,Environment
1872,Production,Environment
1873,Acceptance,Environment
1874,Integ,Environment
1875,Development,Environment
1876,Production,Environment
1877,Acceptance,Environment
1878,Integ,Environment
1879,Development,Environment
1880,Production,Environment
1881,Acceptance,Environment
1882,Integ,Environment
1883,Development,Environment
1884,Production,Environment
1885,Acceptance,Environment
1886,Integ,Environment
1887,Development,Environment
1888,Production,Environment
1889,Acceptance,Environment
1890,Integ,Environment
1891,Development,Environment
1892,Production,Environment
1893,Acceptance,Environment
1894,Integ,Environment
1895,Development,Environment
1896,Production,Environment
1897,Acceptance,Environment
1898,Integ,Environment
1899,Development,Environment
1900,Production,Environment
1901,Acceptance,Environment
1902,Integ,Environment
1903,Development,Environment
1904,Production,Environment
1905,Acceptance,Environment
1906,Integ,Environment
1907,Development,Environment
1908,Production,Environment
1909,Acceptance,Environment
1910,Integ,Environment
1911,Development,Environment
1912,Production,Environment
1913,Acceptance,Environment
1914,Integ,Environment
1915,Development,Environment
1916,Production,Environment
1917,Acceptance,Environment
1918,Integ,Environment
1919,Development,Environment
1920,Production,Environment
1921,Acceptance,Environment
1922,Integ,Environment
1923,Development,Environment
1924,Production,Environment
1925,Acceptance,Environment
1926,Integ,Environment
1927,Development,Environment
1928,Production,Environment
1929,Acceptance,Environment
1930,Integ,Environment
1931,Development,Environment
1932,Production,Environment
1933,Acceptance,Environment
1934,Integ,Environment
1935,Development,Environment
1936,Production,Environment
1937,Acceptance,Environment
1938,Integ,Environment
1939,Development,Environment
1940,Production,Environment
1941,Acceptance,Environment
1942,Integ,Environment
1943,Development,Environment
1944,Production,Environment
1945,Acceptance,Environment
1946,Integ,Environment
1947,Development,Environment
1948,Production,Environment
1949,Acceptance,Environment
1950,Integ,Environment
1951,Development,Environment
1952,Production,Environment
1953,Acceptance,Environment
1954,Integ,Environment
1955,Development,Environment
1956,Production,Environment
1957,Acceptance,Environment
1958,Integ,Environment
1959,Development,Environment
1960,Production,Environment
1961,Acceptance,Environment
1962,Integ,Environment
1963,Development,Environment
1964,Production,Environment
1965,Acceptance,Environment
1966,Integ,Environment
1967,Development,Environment
1968,Production,Environment
1969,Acceptance,Environment
1970,Integ,Environment
1971,Development,Environment
1972,Production,Environment
1973,Acceptance,Environment
1974,Integ,Environment
1975,Development,Environment
1976,Production,Environment
1977,Acceptance,Environment
1978,Integ,Environment
1979,Development,Environment
1980,Production,Environment
1981,Acceptance,Environment
1982,Integ,Environment
1983,Development,Environment
1984,Production,Environment
1985,Acceptance,Environment
1986,Integ,Environment
1987,Development,Environment
1988,Production,Environment
1989,Acceptance,Environment
1990,Integ,Environment
1991,Development,Environment
1992,Production,Environment
1993,Acceptance,Environment
1994,Integ,Environment
1995,Development,Environment
1996,Production,Environment
1997,Acceptance,Environment
1998,Integ,Environment
1999,Development,Environment
2000,Production,Environment
2001,Acceptance,Environment
2002,Integ,Environment
2003,Development,Environment
2004,Production,Environment
2005,Acceptance,Environment
2006,Integ,Environment
2007,Development,Environment
2008,Production,Environment
2009,Acceptance,Environment
2010,Integ,Environment
2011,Development,Environment
2012,Production,Environment
2013,Acceptance,Environment
2014,Integ,Environment
2015,Development,Environment
2016,Production,Environment
2017,Acceptance,Environment
2018,Integ,Environment
2019,Development,Environment
2020,Production,Environment
2021,Acceptance,Environment
2022,Integ,Environment
2023,Development,Environment
2024,Production,Environment
2025,Acceptance,Environment
2026,Integ,Environment
2027,Development,Environment
2028,Production,Environment
2029,Acceptance,Environment
2030,Integ,Environment
2031,Development,Environment
2032,Production,Environment
2033,Acceptance,Environment
2034,Integ,Environment
2035,Development,Environment
2036,Production,Environment
2037,Acceptance,Environment
2038,Integ,Environment
2039,Development,Environment
2040,Production,Environment
2041,Acceptance,Environment
2042,Integ,Environment
2043,Development,Environment
2044,Production,Environment
2045,Acceptance,Environment
2046,Integ,Environment
2047,Development,Environment
2048,Production,Environment
2049,Acceptance,Environment
2050,Integ,Environment
2051,Development,Environment
2052,Production,Environment
2053,Acceptance,Environment
2054,Integ,Environment
2055,Development,Environment
2056,Production,Environment
2057,Acceptance,Environment
2058,Integ,Environment
2059,Development,Environment
2060,Production,Environment
2061,Acceptance,Environment
2062,Integ,Environment
2063,Development,Environment
2064,Production,Environment
2065,Acceptance,Environment
2066,Integ,Environment
2067,Development,Environment
2068,Production,Environment
2069,Acceptance,Environment
2070,Integ,Environment
2071,Development,Environment
2072,Production,Environment
2073,Acceptance,Environment
2074,Integ,Environment
2075,Development,Environment
2076,Production,Environment
2077,Acceptance,Environment
2078,Integ,Environment
2079,Development,Environment
2080,Production,Environment
2081,Acceptance,Environment
2082,Integ,Environment
2083,Development,Environment
2084,Production,Environment
2085,Acceptance,Environment
2086,Integ,Environment
2087,Development,Environment
2088,Production,Environment
2089,Acceptance,Environment
2090,Integ,Environment
2091,Development,Environment
2092,Production,Environment
2093,Acceptance,Environment
2094,Integ,Environment
2095,Development,Environment
2096,Production,Environment
2097,Acceptance,Environment
2098,Integ,Environment
2099,Development,Environment
2100,Production,Environment
2101,Acceptance,Environment
2102,Integ,Environment
2103,Development,Environment
2104,Production,Environment
2105,Acceptance,Environment
2106,Integ,Environment
2107,Development,Environment
2108,Production,Environment
2109,Acceptance,Environment
2110,Integ,Environment
2111,Development,Environment
2112,Production,Environment
2113,Acceptance,Environment
2114,Integ,Environment
2115,Development,Environment
2116,Production,Environment
2117,Acceptance,Environment
2118,Integ,Environment
2119,Development,Environment
2120,Production,Environment
2121,Acceptance,Environment
2122,Integ,Environment
2123,Development,Environment
2124,Production,Environment
2125,Acceptance,Environment
2126,Integ,Environment
2127,Development,Environment
2128,Production,Environment
2129,Acceptance,Environment
2130,Integ,Environment
2131,Development,Environment
2132,Production,Environment
2133,Acceptance,Environment
2134,Integ,Environment
2135,Development,Environment
2136,Production,Environment
2137,Acceptance,Environment
2138,Integ,Environment
2139,Development,Environment
2140,Production,Environment
2141,Acceptance,Environment
2142,Integ,Environment
2143,Development,Environment
2144,Production,Environment
2145,Acceptance,Environment
2146,Integ,Environment
2147,Development,Environment
2148,Production,Environment
2149,Acceptance,Environment
2150,Integ,Environment
2151,Development,Environment
2152,Production,Environment
2153,Acceptance,Environment
2154,Integ,Environment
2155,Development,Environment
2156,Production,Environment
2157,Acceptance,Environment
2158,Integ,Environment
2159,Development,Environment
2160,Production,Environment
2161,Acceptance,Environment
2162,Integ,Environment
2163,Development,Environment
2164,Production,Environment
2165,Acceptance,Environment
2166,Integ,Environment
2167,Development,Environment
2168,Production,Environment
2169,Acceptance,Environment
2170,Integ,Environment
2171,Development,Environment
2172,Production,Environment
2173,Acceptance,Environment
2174,Integ,Environment
2175,Development,Environment
2176,Production,Environment
2177,Acceptance,Environment
2178,Integ,Environment
2179,Development,Environment
2180,Production,Environment
2181,Acceptance,Environment
2182,Integ,Environment
2183,Development,Environment
2184,Production,Environment
2185,Acceptance,Environment
2186,Integ,Environment
2187,Development,Environment
2188,Production,Environment
2189,Acceptance,Environment
2190,Integ,Environment
2191,Development,Environment
2192,Production,Environment
2193,Acceptance,Environment
2194,Integ,Environment
2195,Development,Environment
2196,Production,Environment
2197,Acceptance,Environment
2198,Integ,Environment
2199,Development,Environment
2200,Production,Environment
2201,Acceptance,Environment
2202,Integ,Environment
2203,Development,Environment
2204,Production,Environment
2205,Acceptance,Environment
2206,Integ,Environment
2207,Development,Environment
2208,Production,Environment
2209,Acceptance,Environment
2210,Integ,Environment
2211,Development,Environment
2212,Production,Environment
2213,Acceptance,Environment
2214,Integ,Environment
2215,Development,Environment
2216,Production,Environment
2217,Acceptance,Environment
2218,Integ,Environment
2219,Development,Environment
2220,Production,Environment
2221,Acceptance,Environment
2222,Integ,Environment
2223,Development,Environment
2224,Production,Environment
2225,Acceptance,Environment
2226,Integ,Environment
2227,Development,Environment
2228,Production,Environment
2229,Acceptance,Environment
2230,Integ,Environment
2231,Development,Environment
2232,Production,Environment
2233,Acceptance,Environment
2234,Integ,Environment
2235,Development,Environment
2236,Production,Environment
2237,Acceptance,Environment
2238,Integ,Environment
2239,Development,Environment
2240,Production,Environment
2241,Acceptance,Environment
2242,Integ,Environment
2243,Development,Environment
2244,Production,Environment
2245,Acceptance,Environment
2246,Integ,Environment
2247,Development,Environment
2248,Production,Environment
2249,Acceptance,Environment
2250,Integ,Environment
2251,Development,Environment
2252,Production,Environment
2253,Acceptance,Environment
2254,Integ,Environment
2255,Development,Environment
2256,Production,Environment
2257,Acceptance,Environment
2258,Integ,Environment
2259,Development,Environment
2260,Production,Environment
2261,Acceptance,Environment
2262,Integ,Environment
2263,Development,Environment
2264,Production,Environment
2265,Acceptance,Environment
2266,Integ,Environment
2267,Development,Environment
2268,Production,Environment
2269,Acceptance,Environment
2270,Integ,Environment
2271,Development,Environment
2272,Production,Environment
2273,Acceptance,Environment
2274,Integ,Environment
2275,Development,Environment
2276,Production,Environment
2277,Acceptance,Environment
2278,Integ,Environment
2279,Development,Environment
2280,Production,Environment
2281,Acceptance,Environment
2282,Integ,Environment
2283,Development,Environment
2284,Production,Environment
2285,Acceptance,Environment
2286,Integ,Environment
2287,Development,Environment
2288,Production,Environment
2289,Acceptance,Environment
2290,Integ,Environment
2291,Development,Environment
2292,Production,Environment
2293,Acceptance,Environment
2294,Integ,Environment
2295,Development,Environment
2296,Production,Environment
2297,Acceptance,Environment
2298,Integ,Environment
2299,Development,Environment
2300,Production,Environment
2301,Acceptance,Environment
2302,Integ,Environment
2303,Development,Environment
2304,Production,Environment
2305,Acceptance,Environment
2306,Integ,Environment
2307,Development,Environment
2308,Production,Environment
2309,Acceptance,Environment
2310,Integ,Environment
2311,Development,Environment
2312,Production,Environment
2313,Acceptance,Environment
2314,Integ,Environment
2315,Development,Environment
2316,Production,Environment
2317,Acceptance,Environment
2318,Integ,Environment
2319,Development,Environment
2320,Production,Environment
2321,Acceptance,Environment
2322,Integ,Environment
2323,Development,Environment
2324,Production,Environment
2325,Acceptance,Environment
2326,Integ,Environment
2327,Development,Environment
2328,Production,Environment
2329,Acceptance,Environment
2330,Integ,Environment
2331,Development,Environment
2332,Production,Environment
2333,Acceptance,Environment
2334,Integ,Environment
2335,Development,Environment
2336,Production,Environment
2337,Acceptance,Environment
2338,Integ,Environment
2339,Development,Environment
2340,Production,Environment
2341,Acceptance,Environment
2342,Integ,Environment
2343,Development,Environment
2344,Production,Environment
2345,Acceptance,Environment
2346,Integ,Environment
2347,Development,Environment
2348,Production,Environment
2349,Acceptance,Environment
2350,Integ,Environment
2351,Development,Environment
2352,Production,Environment
2353,Acceptance,Environment
2354,Integ,Environment
2355,Development,Environment
2356,Production,Environment
2357,Acceptance,Environment
2358,Integ,Environment
2359,Development,Environment
2360,Production,Environment
2361,Acceptance,Environment
2362,Integ,Environment
2363,Development,Environment
2364,Production,Environment
2365,Acceptance,Environment
2366,Integ,Environment
2367,Development,Environment
2368,Production,Environment
2369,Acceptance,Environment
2370,Integ,Environment
2371,Development,Environment
2372,Production,Environment
2373,Acceptance,Environment
2374,Integ,Environment
2375,Development,Environment
2376,Production,Environment
2377,Acceptance,Environment
2378,Integ,Environment
2379,Development,Environment
2380,Production,Environment
2381,Acceptance,Environment
2382,Integ,Environment
2383,Development,Environment
2384,Production,Environment
2385,Acceptance,Environment
2386,Integ,Environment
2387,Development,Environment
2388,Production,Environment
2389,Acceptance,Environment
2390,Integ,Environment
2391,Development,Environment
2392,Production,Environment
2393,Acceptance,Environment
2394,Integ,Environment
2395,Development,Environment
2396,Production,Environment
2397,Acceptance,Environment
2398,Integ,Environment
2399,Development,Environment
2400,Production,Environment
2401,Acceptance,Environment
2402,Integ,Environment
2403,Development,Environment
2404,Production,Environment
2405,Acceptance,Environment
2406,Integ,Environment
2407,Development,Environment
2408,Production,Environment
2409,Acceptance,Environment
2410,Integ,Environment
2411,Development,Environment
2412,Production,Environment
2413,Acceptance,Environment
2414,Integ,Environment
2415,Development,Environment
2416,Production,Environment
2417,Acceptance,Environment
2418,Integ,Environment
2419,Development,Environment
2420,Production,Environment
2421,Acceptance,Environment
2422,Integ,Environment
2423,Development,Environment
2424,Production,Environment
2425,Acceptance,Environment
2426,Integ,Environment
2427,Development,Environment
2428,Production,Environment
2429,Acceptance,Environment
2430,Integ,Environment
2431,Development,Environment
2432,Production,Environment
2433,Acceptance,Environment
2434,Integ,Environment
2435,Development,Environment
2436,Production,Environment
2437,Acceptance,Environment
2438,Integ,Environment
2439,Development,Environment
2440,Production,Environment
2441,Acceptance,Environment
2442,Integ,Environment
2443,Development,Environment
2444,Production,Environment
2445,Acceptance,Environment
2446,Integ,Environment
2447,Development,Environment
2448,Production,Environment
2449,Acceptance,Environment
2450,Integ,Environment
2451,Development,Environment
2452,Production,Environment
2453,Acceptance,Environment
2454,Integ,Environment
2455,Development,Environment
2456,Production,Environment
2457,Acceptance,Environment
2458,Integ,Environment
2459,Development,Environment
2460,Production,Environment
2461,Acceptance,Environment
2462,Integ,Environment
2463,Development,Environment
2464,Production,Environment
2465,Acceptance,Environment
2466,Integ,Environment
2467,Development,Environment
2468,Production,Environment
2469,Acceptance,Environment
2470,Integ,Environment
2471,Development,Environment
2472,Production,Environment
2473,Acceptance,Environment
2474,Integ,Environment
2475,Development,Environment
2476,Production,Environment
2477,Acceptance,Environment
2478,Integ,Environment
2479,Development,Environment
2480,Production,Environment
2481,Acceptance,Environment
2482,Integ,Environment
2483,Development,Environment
2484,Production,Environment
2485,Acceptance,Environment
2486,Integ,Environment
2487,Development,Environment
2488,Production,Environment
2489,Acceptance,Environment
2490,Integ,Environment
2491,Development,Environment
2492,Production,Environment
2493,Acceptance,Environment
2494,Integ,Environment
2495,Development,Environment
2496,Production,Environment
2497,Acceptance,Environment
2498,Integ,Environment
2499,Development,Environment
2500,Production,Environment
2501,Acceptance,Environment
2502,Integ,Environment
2503,Development,Environment
2504,Production,Environment
2505,Acceptance,Environment
2506,Integ,Environment
2507,Development,Environment
2508,Production,Environment
2509,Acceptance,Environment
2510,Integ,Environment
2511,Development,Environment
2512,Production,Environment
2513,Acceptance,Environment
2514,Integ,Environment
2515,Development,Environment
2516,Production,Environment
2517,Acceptance,Environment
2518,Integ,Environment
2519,Development,Environment
2520,Production,Environment
2521,Acceptance,Environment
2522,Integ,Environment
2523,Development,Environment
2524,Production,Environment
2525,Acceptance,Environment
2526,Integ,Environment
2527,Development,Environment
2528,Production,Environment
2529,Acceptance,Environment
2530,Integ,Environment
2531,Development,Environment
2532,Production,Environment
2533,Acceptance,Environment
2534,Integ,Environment
2535,Development,Environment
2536,Production,Environment
2537,Acceptance,Environment
2538,Integ,Environment
2539,Development,Environment
2540,Production,Environment
2541,Acceptance,Environment
2542,Integ,Environment
2543,Development,Environment
2544,Production,Environment
2545,Acceptance,Environment
2546,Integ,Environment
2547,Development,Environment
2548,Production,Environment
2549,Acceptance,Environment
2550,Integ,Environment
2551,Development,Environment
2552,Production,Environment
2553,Acceptance,Environment
2554,Integ,Environment
2555,Development,Environment
2556,Production,Environment
2557,Acceptance,Environment
2558,Integ,Environment
2559,Development,Environment
2560,Production,Environment
2561,Acceptance,Environment
2562,Integ,Environment
2563,Development,Environment
2564,Production,Environment
2565,Acceptance,Environment
2566,Integ,Environment
2567,Development,Environment
2568,Production,Environment
2569,Acceptance,Environment
2570,Integ,Environment
2571,Development,Environment
2572,Production,Environment
2573,Acceptance,Environment
2574,Integ,Environment
2575,Development,Environment
2576,Production,Environment
2577,Acceptance,Environment
2578,Integ,Environment
2579,Development,Environment
2580,Production,Environment
2581,Acceptance,Environment
2582,Integ,Environment
2583,Development,Environment
2584,Production,Environment
2585,Acceptance,Environment
2586,Integ,Environment
2587,Development,Environment
2588,Production,Environment
2589,Acceptance,Environment
2590,Integ,Environment
2591,Development,Environment
2592,Production,Environment
2593,Acceptance,Environment
2594,Integ,Environment
2595,Development,Environment
2596,Production,Environment
2597,Acceptance,Environment
2598,Integ,Environment
2599,Development,Environment
2600,Production,Environment
2601,Acceptance,Environment
2602,Integ,Environment
2603,Development,Environment
2604,Production,Environment
2605,Acceptance,Environment
2606,Integ,Environment
2607,Development,Environment
2608,Production,Environment
2609,Acceptance,Environment
2610,Integ,Environment
2611,Development,Environment
2612,Production,Environment
2613,Acceptance,Environment
2614,Integ,Environment
2615,Development,Environment
2616,Production,Environment
2617,Acceptance,Environment
2618,Integ,Environment
2619,Development,Environment
2620,Production,Environment
2621,Acceptance,Environment
2622,Integ,Environment
2623,Development,Environment
2624,Production,Environment
2625,Acceptance,Environment
2626,Integ,Environment
2627,Development,Environment
2628,Production,Environment
2629,Acceptance,Environment
2630,Integ,Environment
2631,Development,Environment
2632,Production,Environment
2633,Acceptance,Environment
2634,Integ,Environment
2635,Development,Environment
2636,Production,Environment
2637,Acceptance,Environment
2638,Integ,Environment
2639,Development,Environment
2640,Production,Environment
2641,Acceptance,Environment
2642,Integ,Environment
2643,Development,Environment
2644,Production,Environment
2645,Acceptance,Environment
2646,Integ,Environment
2647,Development,Environment
2648,Production,Environment
2649,Acceptance,Environment
2650,Integ,Environment
2651,Development,Environment
2652,Production,Environment
2653,Acceptance,Environment
2654,Integ,Environment
2655,Development,Environment
2656,Production,Environment
2657,Acceptance,Environment
2658,Integ,Environment
2659,Development,Environment
2660,Production,Environment
2661,Acceptance,Environment
2662,Integ,Environment
2663,Development,Environment
2664,Production,Environment
2665,Acceptance,Environment
2666,Integ,Environment
2667,Development,Environment
2668,Production,Environment
2669,Acceptance,Environment
2670,Integ,Environment
2671,Development,Environment
2672,Production,Environment
2673,Acceptance,Environment
2674,Integ,Environment
2675,Development,Environment
2676,Production,Environment
2677,Acceptance,Environment
2678,Integ,Environment
2679,Development,Environment
2680,Production,Environment
2681,Acceptance,Environment
2682,Integ,Environment
2683,Development,Environment
2684,Production,Environment
2685,Acceptance,Environment
2686,Integ,Environment
2687,Development,Environment
2688,Production,Environment
2689,Acceptance,Environment
2690,Integ,Environment
2691,Development,Environment
2692,Production,Environment
2693,Acceptance,Environment
2694,Integ,Environment
2695,Development,Environment
2696,Production,Environment
2697,Acceptance,Environment
2698,Integ,Environment
2699,Development,Environment
2700,Production,Environment
2701,Acceptance,Environment
2702,Integ,Environment
2703,Development,Environment
2704,Production,Environment
2705,Acceptance,Environment
2706,Integ,Environment
2707,Development,Environment
2708,Production,Environment
2709,Acceptance,Environment
2710,Integ,Environment
2711,Development,Environment
2712,Production,Environment
2713,Acceptance,Environment
2714,Integ,Environment
2715,Development,Environment
2716,Production,Environment
2717,Acceptance,Environment
2718,Integ,Environment
2719,Development,Environment
2720,Production,Environment
2721,Acceptance,Environment
2722,Integ,Environment
2723,Development,Environment
2724,Production,Environment
2725,Acceptance,Environment
2726,Integ,Environment
2727,Development,Environment
2728,Production,Environment
2729,Acceptance,Environment
2730,Integ,Environment
2731,Development,Environment
2732,Production,Environment
2733,Acceptance,Environment
2734,Integ,Environment
2735,Development,Environment
2736,Production,Environment
2737,Acceptance,Environment
2738,Integ,Environment
2739,Development,Environment
2740,Production,Environment
2741,Acceptance,Environment
2742,Integ,Environment
2743,Development,Environment
2744,Production,Environment
2745,Acceptance,Environment
2746,Integ,Environment
2747,Development,Environment
2748,Production,Environment
2749,Acceptance,Environment
2750,Integ,Environment
2751,Development,Environment
2752,Production,Environment
2753,Acceptance,Environment
2754,Integ,Environment
2755,Development,Environment
2756,Production,Environment
2757,Acceptance,Environment
2758,Integ,Environment
2759,Development,Environment
2760,Production,Environment
2761,Acceptance,Environment
2762,Integ,Environment
2763,Development,Environment
2764,Production,Environment
2765,Acceptance,Environment
2766,Integ,Environment
2767,Development,Environment
2768,Production,Environment
2769,Acceptance,Environment
2770,Integ,Environment
2771,Development,Environment
2772,Production,Environment
2773,Acceptance,Environment
2774,Integ,Environment
2775,Development,Environment
2776,Production,Environment
2777,Acceptance,Environment
2778,Integ,Environment
2779,Development,Environment
2780,Production,Environment
2781,Acceptance,Environment
2782,Integ,Environment
2783,Development,Environment
2784,Production,Environment
2785,Acceptance,Environment
2786,Integ,Environment
2787,Development,Environment
2788,Production,Environment
2789,Acceptance,Environment
2790,Integ,Environment
2791,Development,Environment
2792,Production,Environment
2793,Acceptance,Environment
2794,Integ,Environment
2795,Development,Environment
2796,Production,Environment
2797,Acceptance,Environment
2798,Integ,Environment
2799,Development,Environment
2800,Production,Environment
2801,Acceptance,Environment
2802,Integ,Environment
2803,Development,Environment
2804,Production,Environment
2805,Acceptance,Environment
2806,Integ,Environment
2807,Development,Environment
2808,Production,Environment
2809,Acceptance,Environment
2810,Integ,Environment
2811,Development,Environment
2812,Production,Environment
2813,Acceptance,Environment
2814,Integ,Environment
2815,Development,Environment
2816,Production,Environment
2817,Acceptance,Environment
2818,Integ,Environment
2819,Development,Environment
2820,Production,Environment
2821,Acceptance,Environment
2822,Integ,Environment
2823,Development,Environment
2824,Production,Environment
2825,Acceptance,Environment
2826,Integ,Environment
2827,Development,Environment
2828,Production,Environment
2829,Acceptance,Environment
2830,Integ,Environment
2831,Development,Environment
2832,Production,Environment
2833,Acceptance,Environment
2834,Integ,Environment
2835,Development,Environment
2836,Production,Environment
2837,Acceptance,Environment
2838,Integ,Environment
2839,Development,Environment
2840,Production,Environment
2841,Acceptance,Environment
2842,Integ,Environment
2843,Development,Environment
2844,Production,Environment
2845,Acceptance,Environment
2846,Integ,Environment
2847,Development,Environment
2848,Production,Environment
2849,Acceptance,Environment
2850,Integ,Environment
2851,Development,Environment
2852,Production,Environment
2853,Acceptance,Environment
2854,Integ,Environment
2855,Development,Environment
2856,Production,Environment
2857,Acceptance,Environment
2858,Integ,Environment
2859,Development,Environment
2860,Production,Environment
2861,Acceptance,Environment
2862,Integ,Environment
2863,Development,Environment
2864,Production,Environment
2865,Acceptance,Environment
2866,Integ,Environment
2867,Development,Environment
2868,Production,Environment
2869,Acceptance,Environment
2870,Integ,Environment
2871,Development,Environment
2872,Production,Environment
2873,Acceptance,Environment
2874,Integ,Environment
2875,Development,Environment
2876,Production,Environment
2877,Acceptance,Environment
2878,Integ,Environment
2879,Development,Environment
2880,Production,Environment
2881,Acceptance,Environment
2882,Integ,Environment
2883,Development,Environment
2884,Production,Environment
2885,Acceptance,Environment
2886,Integ,Environment
2887,Development,Environment
2888,Production,Environment
2889,Acceptance,Environment
2890,Integ,Environment
2891,Development,Environment
2892,Production,Environment
2893,Acceptance,Environment
2894,Integ,Environment
2895,Development,Environment
2896,Production,Environment
2897,Acceptance,Environment
2898,Integ,Environment
2899,Development,Environment
2900,Production,Environment
2901,Acceptance,Environment
2902,Integ,Environment
2903,Development,Environment
2904,Production,Environment
2905,Acceptance,Environment
2906,Integ,Environment
2907,Development,Environment
2908,Production,Environment
2909,Acceptance,Environment
2910,Integ,Environment
2911,Development,Environment
2912,Production,Environment
2913,Acceptance,Environment
2914,Integ,Environment
2915,Development,Environment
2916,Production,Environment
2917,Acceptance,Environment
2918,Integ,Environment
2919,Development,Environment
2920,Production,Environment
2921,Acceptance,Environment
2922,Integ,Environment
2923,Development,Environment
2924,Production,Environment
2925,Acceptance,Environment
2926,Integ,Environment
2927,Development,Environment
2928,Production,Environment
2929,Acceptance,Environment
2930,Integ,Environment
2931,Development,Environment
2932,Production,Environment
2933,Acceptance,Environment
2934,Integ,Environment
2935,Development,Environment
2936,Production,Environment
2937,Acceptance,Environment
2938,Integ,Environment
2939,Development,Environment
2940,Production,Environment
2941,Acceptance,Environment
2942,Integ,Environment
2943,Development,Environment
2944,Production,Environment
2945,Acceptance,Environment
2946,Integ,Environment
2947,Development,Environment
2948,Production,Environment
2949,Acceptance,Environment
2950,Integ,Environment
2951,Development,Environment
2952,Production,Environment
2953,Acceptance,Environment
2954,Integ,Environment
2955,Development,Environment
2956,Production,Environment
2957,Acceptance,Environment
2958,Integ,Environment
2959,Development,Environment
2960,Production,Environment
2961,Acceptance,Environment
2962,Integ,Environment
2963,Development,Environment
2964,Production,Environment
2965,Acceptance,Environment
2966,Integ,Environment
2967,Development,Environment
2968,Production,Environment
2969,Acceptance,Environment
2970,Integ,Environment
2971,Development,Environment
2972,Production,Environment
2973,Acceptance,Environment
2974,Integ,Environment
2975,Development,Environment
2976,Production,Environment
2977,Acceptance,Environment
2978,Integ,Environment
2979,Development,Environment
2980,Production,Environment
2981,Acceptance,Environment
2982,Integ,Environment
2983,Development,Environment
2984,Production,Environment
2985,Acceptance,Environment
2986,Integ,Environment
2987,Development,Environment
2988,Production,Environment
2989,Acceptance,Environment
2990,Integ,Environment
2991,Development,Environment
2992,Production,Environment
2993,Acceptance,Environment
2994,Integ,Environment
2995,Development,Environment
2996,Production,Environment
2997,Acceptance,Environment
2998,Integ,Environment
2999,Development,Environment
3000,Production,Environment
3001,Acceptance,Environment
3002,Integ,Environment
3003,Development,Environment
3004,Production,Environment
3005,Acceptance,Environment
3006,Integ,Environment
3007,Development,Environment
3008,Production,Environment
3009,Acceptance,Environment
3010,Integ,Environment
3011,Development,Environment
3012,Production,Environment
3013,Acceptance,Environment
3014,Integ,Environment
3015,Development,Environment
3016,Production,Environment
3017,Acceptance,Environment
3018,Integ,Environment
3019,Development,Environment
3020,Production,Environment
3021,Acceptance,Environment
3022,Integ,Environment
3023,Development,Environment
3024,Production,Environment
3025,Acceptance,Environment
3026,Integ,Environment
3027,Development,Environment
3028,Production,Environment
3029,Acceptance,Environment
3030,Integ,Environment
3031,Development,Environment
3032,Production,Environment
3033,Acceptance,Environment
3034,Integ,Environment
3035,Development,Environment
3036,Production,Environment
3037,Acceptance,Environment
3038,Integ,Environment
3039,Development,Environment
3040,Production,Environment
3041,Acceptance,Environment
3042,Integ,Environment
3043,Development,Environment
3044,Production,Environment
3045,Acceptance,Environment
3046,Integ,Environment
3047,Development,Environment
3048,Production,Environment
3049,Acceptance,Environment
3050,Integ,Environment
3051,Development,Environment
3052,Production,Environment
3053,Acceptance,Environment
3054,Integ,Environment
3055,Development,Environment
3056,Production,Environment
3057,Acceptance,Environment
3058,Integ,Environment
3059,Development,Environment
3060,Production,Environment
3061,Acceptance,Environment
3062,Integ,Environment
3063,Development,Environment
3064,Production,Environment
3065,Acceptance,Environment
3066,Integ,Environment
3067,Development,Environment
3068,Production,Environment
3069,Acceptance,Environment
3070,Integ,Environment
3071,Development,Environment
3072,Production,Environment
3073,Acceptance,Environment
3074,Integ,Environment
3075,Development,Environment
3076,Production,Environment
3077,Acceptance,Environment
3078,Integ,Environment
3079,Development,Environment
3080,Production,Environment
3081,Acceptance,Environment
3082,Integ,Environment
3083,Development,Environment
3084,Production,Environment
3085,Acceptance,Environment
3086,Integ,Environment
3087,Development,Environment
3088,Production,Environment
3089,Acceptance,Environment
3090,Integ,Environment
3091,Development,Environment
3092,Production,Environment
3093,Acceptance,Environment
3094,Integ,Environment
3095,Development,Environment
3096,Production,Environment
3097,Acceptance,Environment
3098,Integ,Environment
3099,Development,Environment
3100,Production,Environment
3101,Acceptance,Environment
3102,Integ,Environment
3103,Development,Environment
3104,Production,Environment
3105,Acceptance,Environment
3106,Integ,Environment
3107,Development,Environment
3108,Production,Environment
3109,Acceptance,Environment
3110,Integ,Environment
3111,Development,Environment
3112,Production,Environment
3113,Acceptance,Environment
3114,Integ,Environment
3115,Development,Environment
3116,Production,Environment
3117,Acceptance,Environment
3118,Integ,Environment
3119,Development,Environment
3120,Production,Environment
3121,Acceptance,Environment
3122,Integ,Environment
3123,Development,Environment
3124,Production,Environment
3125,Acceptance,Environment
3126,Integ,Environment
3127,Development,Environment
3128,Production,Environment
3129,Acceptance,Environment
3130,Integ,Environment
3131,Development,Environment
3132,Production,Environment
3133,Acceptance,Environment
3134,Integ,Environment
3135,Development,Environment
3136,Production,Environment
3137,Acceptance,Environment
3138,Integ,Environment
3139,Development,Environment
3140,Production,Environment
3141,Acceptance,Environment
3142,Integ,Environment
3143,Development,Environment
3144,Production,Environment
3145,Acceptance,Environment
3146,Integ,Environment
3147,Development,Environment
3148,Production,Environment
3149,Acceptance,Environment
3150,Integ,Environment
3151,Development,Environment
3152,Production,Environment
3153,Acceptance,Environment
3154,Integ,Environment
3155,Development,Environment
3156,Production,Environment
3157,Acceptance,Environment
3158,Integ,Environment
3159,Development,Environment
3160,Production,Environment
3161,Acceptance,Environment
3162,Integ,Environment
3163,Development,Environment
3164,Production,Environment
3165,Acceptance,Environment
3166,Integ,Environment
3167,Development,Environment
3168,Production,Environment
3169,Acceptance,Environment
3170,Integ,Environment
3171,Development,Environment
3172,Production,Environment
3173,Acceptance,Environment
3174,Integ,Environment
3175,Development,Environment
3176,Production,Environment
3177,Acceptance,Environment
3178,Integ,Environment
3179,Development,Environment
3180,Production,Environment
3181,Acceptance,Environment
3182,Integ,Environment
3183,Development,Environment
3184,Production,Environment
3185,Acceptance,Environment
3186,Integ,Environment
3187,Development,Environment
3188,Production,Environment
3189,Acceptance,Environment
3190,Integ,Environment
3191,Development,Environment
3192,Production,Environment
3193,Acceptance,Environment
3194,Integ,Environment
3195,Development,Environment
3196,Production,Environment
3197,Acceptance,Environment
3198,Integ,Environment
3199,Development,Environment
3200,Production,Environment
3201,Acceptance,Environment
3202,Integ,Environment
3203,Development,Environment
3204,Production,Environment
3205,Acceptance,Environment
3206,Integ,Environment
3207,Development,Environment
3208,Production,Environment
3209,Acceptance,Environment
3210,Integ,Environment
3211,Development,Environment
3212,Production,Environment
3213,Acceptance,Environment
3214,Integ,Environment
3215,Development,Environment
3216,Production,Environment
3217,Acceptance,Environment
3218,Integ,Environment
3219,Development,Environment
3220,Production,Environment
3221,Acceptance,Environment
3222,Integ,Environment
3223,Development,Environment
3224,Production,Environment
3225,Acceptance,Environment
3226,Integ,Environment
3227,Development,Environment
3228,Production,Environment
3229,Acceptance,Environment
3230,Integ,Environment
3231,Development,Environment
3232,Production,Environment
3233,Acceptance,Environment
3234,Integ,Environment
3235,Development,Environment
3236,Production,Environment
3237,Acceptance,Environment
3238,Integ,Environment
3239,Development,Environment
3240,Production,Environment
3241,Acceptance,Environment
3242,Integ,Environment
3243,Development,Environment
3244,Production,Environment
3245,Acceptance,Environment
3246,Integ,Environment
3247,Development,Environment
3248,Production,Environment
3249,Acceptance,Environment
3250,Integ,Environment
3251,Development,Environment
3252,Production,Environment
3253,Acceptance,Environment
3254,Integ,Environment
3255,Development,Environment
3256,Production,Environment
3257,Acceptance,Environment
3258,Integ,Environment
3259,Development,Environment
3260,Production,Environment
3261,Acceptance,Environment
3262,Integ,Environment
3263,Development,Environment
3264,Production,Environment
3265,Acceptance,Environment
3266,Integ,Environment
3267,Development,Environment
3268,Production,Environment
3269,Acceptance,Environment
3270,Integ,Environment
3271,Development,Environment
3272,Production,Environment
3273,Acceptance,Environment
3274,Integ,Environment
3275,Development,Environment
3276,Production,Environment
3277,Acceptance,Environment
3278,Integ,Environment
3279,Development,Environment
3280,Production,Environment
3281,Acceptance,Environment
3282,Integ,Environment
3283,Development,Environment
3284,Production,Environment
3285,Acceptance,Environment
3286,Integ,Environment
3287,Development,Environment
3288,Production,Environment
3289,Acceptance,Environment
3290,Integ,Environment
3291,Development,Environment
3292,Production,Environment
3293,Acceptance,Environment
3294,Integ,Environment
3295,Development,Environment
3296,Production,Environment
3297,Acceptance,Environment
3298,Integ,Environment
3299,Development,Environment
3300,Production,Environment
3301,Acceptance,Environment
3302,Integ,Environment
3303,Development,Environment
3304,Production,Environment
3305,Acceptance,Environment
3306,Integ,Environment
3307,Development,Environment
3308,Production,Environment
3309,Acceptance,Environment
3310,Integ,Environment
3311,Development,Environment
3312,Production,Environment
3313,Acceptance,Environment
3314,Integ,Environment
3315,Development,Environment
3316,Production,Environment
3317,Acceptance,Environment
3318,Integ,Environment
3319,Development,Environment
3320,Production,Environment
3321,Acceptance,Environment
3322,Integ,Environment
3323,Development,Environment
3324,Production,Environment
3325,Acceptance,Environment
3326,Integ,Environment
3327,Development,Environment
3328,Production,Environment
3329,Acceptance,Environment
3330,Integ,Environment
3331,Development,Environment
3332,Production,Environment
3333,Acceptance,Environment
3334,Integ,Environment
3335,Development,Environment
3336,Production,Environment
3337,Acceptance,Environment
3338,Integ,Environment
3339,Development,Environment
3340,Production,Environment
3341,Acceptance,Environment
3342,Integ,Environment
3343,Development,Environment
3344,Production,Environment
3345,Acceptance,Environment
3346,Integ,Environment
3347,Development,Environment
3348,Production,Environment
3349,Acceptance,Environment
3350,Integ,Environment
3351,Development,Environment
3352,Production,Environment
3353,Acceptance,Environment
3354,Integ,Environment
3355,Development,Environment
3356,Production,Environment
3357,Acceptance,Environment
3358,Integ,Environment
3359,Development,Environment
3360,Production,Environment
3361,Acceptance,Environment
3362,Integ,Environment
3363,Development,Environment
3364,Production,Environment
3365,Acceptance,Environment
3366,Integ,Environment
3367,Development,Environment
3368,Production,Environment
3369,Acceptance,Environment
3370,Integ,Environment
3371,Development,Environment
3372,Production,Environment
3373,Acceptance,Environment
3374,Integ,Environment
3375,Development,Environment
3376,Production,Environment
3377,Acceptance,Environment
3378,Integ,Environment
3379,Development,Environment
3380,Production,Environment
3381,Acceptance,Environment
3382,Integ,Environment
3383,Development,Environment
3384,Production,Environment
3385,Acceptance,Environment
3386,Integ,Environment
3387,Development,Environment
3388,Production,Environment
3389,Acceptance,Environment
3390,Integ,Environment
3391,Development,Environment
3392,Production,Environment
3393,Acceptance,Environment
3394,Integ,Environment
3395,Development,Environment
3396,Production,Environment
3397,Acceptance,Environment
3398,Integ,Environment
3399,Development,Environment
3400,Production,Environment
3401,Acceptance,Environment
3402,Integ,Environment
3403,Development,Environment
3404,Production,Environment
3405,Acceptance,Environment
3406,Integ,Environment
3407,Development,Environment
3408,Production,Environment
3409,Acceptance,Environment
3410,Integ,Environment
3411,Development,Environment
3412,Production,Environment
3413,Acceptance,Environment
3414,Integ,Environment
3415,Development,Environment
3416,Production,Environment
3417,Acceptance,Environment
3418,Integ,Environment
3419,Development,Environment
3420,Production,Environment
3421,Acceptance,Environment
3422,Integ,Environment
3423,Development,Environment
3424,Production,Environment
3425,Acceptance,Environment
3426,Integ,Environment
3427,Development,Environment
3428,Production,Environment
3429,Acceptance,Environment
3430,Integ,Environment
3431,Development,Environment
3432,Production,Environment
3433,Acceptance,Environment
3434,Integ,Environment
3435,Development,Environment
3436,Production,Environment
3437,Acceptance,Environment
3438,Integ,Environment
3439,Development,Environment
3440,Production,Environment
3441,Acceptance,Environment
3442,Integ,Environment
3443,Development,Environment
3444,Production,Environment
3445,Acceptance,Environment
3446,Integ,Environment
3447,Development,Environment
3448,Production,Environment
3449,Acceptance,Environment
3450,Integ,Environment
3451,Development,Environment
3452,Production,Environment
3453,Acceptance,Environment
3454,Integ,Environment
3455,Development,Environment
3456,Production,Environment
3457,Acceptance,Environment
3458,Integ,Environment
3459,Development,Environment
3460,Production,Environment
3461,Acceptance,Environment
3462,Integ,Environment
3463,Development,Environment
3464,Production,Environment
3465,Acceptance,Environment
3466,Integ,Environment
3467,Development,Environment
3468,Production,Environment
3469,Acceptance,Environment
3470,Integ,Environment
3471,Development,Environment
3472,Production,Environment
3473,Acceptance,Environment
3474,Integ,Environment
3475,Development,Environment
3476,Production,Environment
3477,Acceptance,Environment
3478,Integ,Environment
3479,Development,Environment
3480,Production,Environment
3481,Acceptance,Environment
3482,Integ,Environment
3483,Development,Environment
3484,Production,Environment
3485,Acceptance,Environment
3486,Integ,Environment
3487,Development,Environment
3488,Production,Environment
3489,Acceptance,Environment
3490,Integ,Environment
3491,Development,Environment
3492,Production,Environment
3493,Acceptance,Environment
3494,Integ,Environment
3495,Development,Environment
3496,Production,Environment
3497,Acceptance,Environment
3498,Integ,Environment
3499,Development,Environment
3500,Production,Environment
3501,Acceptance,Environment
3502,Integ,Environment
3503,Development,Environment
3504,Production,Environment
3505,Acceptance,Environment
3506,Integ,Environment
3507,Development,Environment
3508,Production,Environment
3509,Acceptance,Environment
3510,Integ,Environment
3511,Development,Environment
3512,Production,Environment
3513,Acceptance,Environment
3514,Integ,Environment
3515,Development,Environment
3516,Production,Environment
3517,Acceptance,Environment
3518,Integ,Environment
3519,Development,Environment
3520,Production,Environment
3521,Acceptance,Environment
3522,Integ,Environment
3523,Development,Environment
3524,Production,Environment
3525,Acceptance,Environment
3526,Integ,Environment
3527,Development,Environment
3528,Production,Environment
3529,Acceptance,Environment
3530,Integ,Environment
3531,Development,Environment
3532,Production,Environment
3533,Acceptance,Environment
3534,Integ,Environment
3535,Development,Environment
3536,Production,Environment
3537,Acceptance,Environment
3538,Integ,Environment
3539,Development,Environment
3540,Production,Environment
3541,Acceptance,Environment
3542,Integ,Environment
3543,Development,Environment
3544,Production,Environment
3545,Acceptance,Environment
3546,Integ,Environment
3547,Development,Environment
3548,Production,Environment
3549,Acceptance,Environment
3550,Integ,Environment
3551,Development,Environment
3552,Production,Environment
3553,Acceptance,Environment
3554,Integ,Environment
3555,Development,Environment
3556,Production,Environment
3557,Acceptance,Environment
3558,Integ,Environment
3559,Development,Environment
3560,Production,Environment
3561,Acceptance,Environment
3562,Integ,Environment
3563,Development,Environment
3564,Production,Environment
3565,Acceptance,Environment
3566,Integ,Environment
3567,Development,Environment
3568,Production,Environment
3569,Acceptance,Environment
3570,Integ,Environment
3571,Development,Environment
3572,Production,Environment
3573,Acceptance,Environment
3574,Integ,Environment
3575,Development,Environment
